semestre,predio,sala,tipo_sala,capacidade_turma,codigo_disciplina,turma,nome_disciplina,curso,dia_semana,hora_inicio,hora_fim,numero_periodos,vagas_oferecidas,vagas_totais_compartilhadas,turmas_compartilhando_sala
2026/2,Faculdade de Arquitetura - 12103,Sala 103,Sala de aula,16,ARQ01045,C,MAQUETES,ARQU,SEGUNDA-FEIRA,09:30,12:30,3,18,36,C/D
2026/2,Faculdade de Arquitetura - 12103,Sala 103,Sala de aula,16,ARQ01045,D,MAQUETES,ARQU,SEGUNDA-FEIRA,09:30,12:30,3,18,36,C/D
2026/2,Faculdade de Arquitetura - 12103,Sala 103,Sala de aula,16,ARQ01045,A,MAQUETES,ARQU,QUARTA-FEIRA,09:30,12:30,3,18,36,A/B
2026/2,Faculdade de Arquitetura - 12103,Sala 103,Sala de aula,16,ARQ01045,B,MAQUETES,ARQU,QUARTA-FEIRA,09:30,12:30,3,18,36,A/B
2026/2,Faculdade de Arquitetura - 12103,Sala 103,Sala de aula,16,ARQ03067,A,PRÁTICA INTEGRADA DE CRIAÇÃO II,DVIS,TERÇA-FEIRA,10:30,12:30,2,20,40,A/AA
2026/2,Faculdade de Arquitetura - 12103,Sala 103,Sala de aula,16,ARQ03067,A,PRÁTICA INTEGRADA DE CRIAÇÃO II,DPRO,TERÇA-FEIRA,10:30,12:30,2,20,40,A/AA
2026/2,Faculdade de Arquitetura - 12103,Sala 103,Sala de aula,16,ARQ03067,AA,PRÁTICA INTEGRADA DE CRIAÇÃO II,DVIS,TERÇA-FEIRA,10:30,12:30,2,20,40,A/AA
2026/2,Faculdade de Arquitetura - 12103,Sala 103,Sala de aula,16,ARQ03067,AA,PRÁTICA INTEGRADA DE CRIAÇÃO II,DPRO,TERÇA-FEIRA,10:30,12:30,2,20,40,A/AA
2026/2,Faculdade de Arquitetura - 12103,Sala 103,Sala de aula,16,ARQ03067,A,PRÁTICA INTEGRADA DE CRIAÇÃO II,DVIS,QUINTA-FEIRA,10:30,12:30,2,20,40,A/AA
2026/2,Faculdade de Arquitetura - 12103,Sala 103,Sala de aula,16,ARQ03067,A,PRÁTICA INTEGRADA DE CRIAÇÃO II,DPRO,QUINTA-FEIRA,10:30,12:30,2,20,40,A/AA
2026/2,Faculdade de Arquitetura - 12103,Sala 103,Sala de aula,16,ARQ03067,AA,PRÁTICA INTEGRADA DE CRIAÇÃO II,DVIS,QUINTA-FEIRA,10:30,12:30,2,20,40,A/AA
2026/2,Faculdade de Arquitetura - 12103,Sala 103,Sala de aula,16,ARQ03067,AA,PRÁTICA INTEGRADA DE CRIAÇÃO II,DPRO,QUINTA-FEIRA,10:30,12:30,2,20,40,A/AA
2026/2,Faculdade de Arquitetura - 12103,Sala 103,Sala de aula,16,ARQ03066,A,OFICINA DE MODELOS E PROTÓTIPOS,DVIS,SEGUNDA-FEIRA,13:30,17:30,4,12,24,A/AA
2026/2,Faculdade de Arquitetura - 12103,Sala 103,Sala de aula,16,ARQ03066,A,OFICINA DE MODELOS E PROTÓTIPOS,DPRO,SEGUNDA-FEIRA,13:30,17:30,4,12,24,A/AA
2026/2,Faculdade de Arquitetura - 12103,Sala 103,Sala de aula,16,ARQ03066,AA,OFICINA DE MODELOS E PROTÓTIPOS,DVIS,SEGUNDA-FEIRA,13:30,17:30,4,12,24,A/AA
2026/2,Faculdade de Arquitetura - 12103,Sala 103,Sala de aula,16,ARQ03066,AA,OFICINA DE MODELOS E PROTÓTIPOS,DPRO,SEGUNDA-FEIRA,13:30,17:30,4,12,24,A/AA
2026/2,Faculdade de Arquitetura - 12103,Sala 103,Sala de aula,16,ARQ03066,B,OFICINA DE MODELOS E PROTÓTIPOS,DVIS,SEXTA-FEIRA,13:30,17:30,4,12,24,B/BB
2026/2,Faculdade de Arquitetura - 12103,Sala 103,Sala de aula,16,ARQ03066,B,OFICINA DE MODELOS E PROTÓTIPOS,DPRO,SEXTA-FEIRA,13:30,17:30,4,12,24,B/BB
2026/2,Faculdade de Arquitetura - 12103,Sala 103,Sala de aula,16,ARQ03066,BB,OFICINA DE MODELOS E PROTÓTIPOS,DVIS,SEXTA-FEIRA,13:30,17:30,4,12,24,B/BB
2026/2,Faculdade de Arquitetura - 12103,Sala 103,Sala de aula,16,ARQ03066,BB,OFICINA DE MODELOS E PROTÓTIPOS,DPRO,SEXTA-FEIRA,13:30,17:30,4,12,24,B/BB
2026/2,Faculdade de Arquitetura - 12103,Sala 103,Sala de aula,16,ARQ03110,A,OFICINA DE MODELOS E PROTÓTIPOS II,DVIS,QUARTA-FEIRA,18:30,22:30,4,15,15,A
2026/2,Faculdade de Arquitetura - 12103,Sala 103,Sala de aula,16,ARQ03110,A,OFICINA DE MODELOS E PROTÓTIPOS II,DPRO,QUARTA-FEIRA,18:30,22:30,4,15,15,A
2026/2,Faculdade de Arquitetura - 12103,Sala 301A,Laboratório de Informática,20,ARQ03071,A,COMPUTAÇÃO GRÁFICA I,DVIS,SEGUNDA-FEIRA,07:30,09:30,2,15,15,A
2026/2,Faculdade de Arquitetura - 12103,Sala 301A,Laboratório de Informática,20,ARQ03071,A,COMPUTAÇÃO GRÁFICA I,DPRO,SEGUNDA-FEIRA,07:30,09:30,2,15,15,A
2026/2,Faculdade de Arquitetura - 12103,Sala 301A,Laboratório de Informática,20,ARQ03071,A,COMPUTAÇÃO GRÁFICA I,DVIS,QUARTA-FEIRA,07:30,09:30,2,15,15,A
2026/2,Faculdade de Arquitetura - 12103,Sala 301A,Laboratório de Informática,20,ARQ03071,A,COMPUTAÇÃO GRÁFICA I,DPRO,QUARTA-FEIRA,07:30,09:30,2,15,15,A
2026/2,Faculdade de Arquitetura - 12103,Sala 301A,Laboratório de Informática,20,ARQ03071,B,COMPUTAÇÃO GRÁFICA I,DVIS,SEGUNDA-FEIRA,09:30,11:30,2,20,20,B
2026/2,Faculdade de Arquitetura - 12103,Sala 301A,Laboratório de Informática,20,ARQ03071,B,COMPUTAÇÃO GRÁFICA I,DPRO,SEGUNDA-FEIRA,09:30,11:30,2,20,20,B
2026/2,Faculdade de Arquitetura - 12103,Sala 301A,Laboratório de Informática,20,ARQ03071,B,COMPUTAÇÃO GRÁFICA I,DVIS,QUARTA-FEIRA,09:30,11:30,2,20,20,B
2026/2,Faculdade de Arquitetura - 12103,Sala 301A,Laboratório de Informática,20,ARQ03071,B,COMPUTAÇÃO GRÁFICA I,DPRO,QUARTA-FEIRA,09:30,11:30,2,20,20,B
2026/2,Faculdade de Arquitetura - 12103,Sala 301A,Laboratório de Informática,20,ARQ01009,D,PROJETO ARQUITETÔNICO III,ARQU,QUINTA-FEIRA,09:30,12:30,3,15,15,D
2026/2,Faculdade de Arquitetura - 12103,Sala 301A,Laboratório de Informática,20,ARQ01009,D,PROJETO ARQUITETÔNICO III,ARQU,SEXTA-FEIRA,09:30,12:30,3,15,15,D
2026/2,Faculdade de Arquitetura - 12103,Sala 301A,Laboratório de Informática,20,ENG03040,U,SISTEMAS ESTRUTURAIS APLICADOS,DPRO,TERÇA-FEIRA,10:30,12:30,2,16,16,U
2026/2,Faculdade de Arquitetura - 12103,Sala 301A,Laboratório de Informática,20,ARQ03138,A,COMPUTAÇÃO GRÁFICA II: DESIGN DE PRODUTO,DVIS,SEGUNDA-FEIRA,13:30,15:30,2,20,20,A
2026/2,Faculdade de Arquitetura - 12103,Sala 301A,Laboratório de Informática,20,ARQ03138,A,COMPUTAÇÃO GRÁFICA II: DESIGN DE PRODUTO,DPRO,SEGUNDA-FEIRA,13:30,15:30,2,20,20,A
2026/2,Faculdade de Arquitetura - 12103,Sala 301A,Laboratório de Informática,20,ARQ03138,A,COMPUTAÇÃO GRÁFICA II: DESIGN DE PRODUTO,DVIS,QUARTA-FEIRA,13:30,15:30,2,20,20,A
2026/2,Faculdade de Arquitetura - 12103,Sala 301A,Laboratório de Informática,20,ARQ03138,A,COMPUTAÇÃO GRÁFICA II: DESIGN DE PRODUTO,DPRO,QUARTA-FEIRA,13:30,15:30,2,20,20,A
2026/2,Faculdade de Arquitetura - 12103,Sala 301A,Laboratório de Informática,20,ARQ01075,C1,REPRESENTAÇÃO GRÁFICA I,ARQU,SEXTA-FEIRA,13:30,16:30,3,12,12,C1
2026/2,Faculdade de Arquitetura - 12103,Sala 301A,Laboratório de Informática,20,ARQ02027,A,SISTEMAS DE INFORMAÇÕES GEOGRÁFICAS EM URBANISMO,ARQU,TERÇA-FEIRA,14:30,18:30,4,20,20,A
2026/2,Faculdade de Arquitetura - 12103,Sala 301A,Laboratório de Informática,20,ARQ01009,D,PROJETO ARQUITETÔNICO III,ARQU,TERÇA-FEIRA,18:30,22:30,4,15,15,D
2026/2,Faculdade de Arquitetura - 12103,Sala 301A,Laboratório de Informática,20,ARQ01075,C1,REPRESENTAÇÃO GRÁFICA I,ARQU,QUINTA-FEIRA,18:30,21:30,3,12,12,C1
2026/2,Faculdade de Arquitetura - 12103,Sala 301A,Laboratório de Informática,20,ARQ03078,A,PROJETO VISUAL II,DVIS,SEGUNDA-FEIRA,19:30,22:30,3,18,18,A
2026/2,Faculdade de Arquitetura - 12103,Sala 301A,Laboratório de Informática,20,ARQ03078,A,PROJETO VISUAL II,DVIS,QUARTA-FEIRA,19:30,22:30,3,18,18,A
2026/2,Faculdade de Arquitetura - 12103,Sala 301B,Laboratório de Informática,20,ARQ03073,A,PROJETO VISUAL I,DVIS,TERÇA-FEIRA,09:30,12:30,3,16,16,A
2026/2,Faculdade de Arquitetura - 12103,Sala 301B,Laboratório de Informática,20,ARQ01008,C,PROJETO ARQUITETÔNICO II,ARQU,QUARTA-FEIRA,09:30,12:30,3,15,15,C
2026/2,Faculdade de Arquitetura - 12103,Sala 301B,Laboratório de Informática,20,ARQ03073,A,PROJETO VISUAL I,DVIS,QUINTA-FEIRA,09:30,12:30,3,16,16,A
2026/2,Faculdade de Arquitetura - 12103,Sala 301B,Laboratório de Informática,20,ARQ01008,C,PROJETO ARQUITETÔNICO II,ARQU,SEXTA-FEIRA,09:30,12:30,3,15,15,C
2026/2,Faculdade de Arquitetura - 12103,Sala 301B,Laboratório de Informática,20,ARQ03130,A,COMPUTAÇÃO GRÁFICA II: DESIGN VISUAL,DVIS,SEGUNDA-FEIRA,13:30,15:30,2,20,20,A
2026/2,Faculdade de Arquitetura - 12103,Sala 301B,Laboratório de Informática,20,ARQ03130,A,COMPUTAÇÃO GRÁFICA II: DESIGN VISUAL,DPRO,SEGUNDA-FEIRA,13:30,15:30,2,20,20,A
2026/2,Faculdade de Arquitetura - 12103,Sala 301B,Laboratório de Informática,20,ARQ03084,A,PROJETO VISUAL III,DVIS,TERÇA-FEIRA,13:30,16:30,3,19,19,A
2026/2,Faculdade de Arquitetura - 12103,Sala 301B,Laboratório de Informática,20,ARQ03130,A,COMPUTAÇÃO GRÁFICA II: DESIGN VISUAL,DVIS,QUARTA-FEIRA,13:30,15:30,2,20,20,A
2026/2,Faculdade de Arquitetura - 12103,Sala 301B,Laboratório de Informática,20,ARQ03130,A,COMPUTAÇÃO GRÁFICA II: DESIGN VISUAL,DPRO,QUARTA-FEIRA,13:30,15:30,2,20,20,A
2026/2,Faculdade de Arquitetura - 12103,Sala 301B,Laboratório de Informática,20,ARQ03084,A,PROJETO VISUAL III,DVIS,QUINTA-FEIRA,13:30,16:30,3,19,19,A
2026/2,Faculdade de Arquitetura - 12103,Sala 301B,Laboratório de Informática,20,ARQ03075,A,SISTEMAS GRÁFICO-DIGITAIS II,DVIS,SEGUNDA-FEIRA,15:30,17:30,2,25,25,A
2026/2,Faculdade de Arquitetura - 12103,Sala 301B,Laboratório de Informática,20,ARQ03075,A,SISTEMAS GRÁFICO-DIGITAIS II,DPRO,SEGUNDA-FEIRA,15:30,17:30,2,25,25,A
2026/2,Faculdade de Arquitetura - 12103,Sala 301B,Laboratório de Informática,20,ARQ03075,A,SISTEMAS GRÁFICO-DIGITAIS II,DVIS,QUARTA-FEIRA,15:30,17:30,2,25,25,A
2026/2,Faculdade de Arquitetura - 12103,Sala 301B,Laboratório de Informática,20,ARQ03075,A,SISTEMAS GRÁFICO-DIGITAIS II,DPRO,QUARTA-FEIRA,15:30,17:30,2,25,25,A
2026/2,Faculdade de Arquitetura - 12103,Sala 301B,Laboratório de Informática,20,ARQ03070,B,SISTEMAS GRÁFICO-DIGITAIS I,DVIS,SEGUNDA-FEIRA,18:30,20:30,2,25,25,B
2026/2,Faculdade de Arquitetura - 12103,Sala 301B,Laboratório de Informática,20,ARQ03070,B,SISTEMAS GRÁFICO-DIGITAIS I,DPRO,SEGUNDA-FEIRA,18:30,20:30,2,25,25,B
2026/2,Faculdade de Arquitetura - 12103,Sala 301B,Laboratório de Informática,20,ARQ03070,B,SISTEMAS GRÁFICO-DIGITAIS I,DVIS,QUARTA-FEIRA,18:30,20:30,2,25,25,B
2026/2,Faculdade de Arquitetura - 12103,Sala 301B,Laboratório de Informática,20,ARQ03070,B,SISTEMAS GRÁFICO-DIGITAIS I,DPRO,QUARTA-FEIRA,18:30,20:30,2,25,25,B
2026/2,Faculdade de Arquitetura - 12103,Sala 302,Laboratório de Informática,26,ARQ01076,A,REPRESENTAÇÃO GRÁFICA II,ARQU,SEGUNDA-FEIRA,09:30,12:30,3,12,24,A/B
2026/2,Faculdade de Arquitetura - 12103,Sala 302,Laboratório de Informática,26,ARQ01076,B,REPRESENTAÇÃO GRÁFICA II,ARQU,SEGUNDA-FEIRA,09:30,12:30,3,12,24,A/B
2026/2,Faculdade de Arquitetura - 12103,Sala 302,Laboratório de Informática,26,ARQ01075,A,REPRESENTAÇÃO GRÁFICA I,ARQU,TERÇA-FEIRA,09:30,12:30,3,12,23,A/E
2026/2,Faculdade de Arquitetura - 12103,Sala 302,Laboratório de Informática,26,ARQ01075,E,REPRESENTAÇÃO GRÁFICA I,ARQU,TERÇA-FEIRA,09:30,12:30,3,11,23,A/E
2026/2,Faculdade de Arquitetura - 12103,Sala 302,Laboratório de Informática,26,ARQ01076,A,REPRESENTAÇÃO GRÁFICA II,ARQU,QUARTA-FEIRA,09:30,12:30,3,12,24,A/B
2026/2,Faculdade de Arquitetura - 12103,Sala 302,Laboratório de Informática,26,ARQ01076,B,REPRESENTAÇÃO GRÁFICA II,ARQU,QUARTA-FEIRA,09:30,12:30,3,12,24,A/B
2026/2,Faculdade de Arquitetura - 12103,Sala 302,Laboratório de Informática,26,ARQ01075,B,REPRESENTAÇÃO GRÁFICA I,ARQU,QUINTA-FEIRA,09:30,12:30,3,12,23,B/D
2026/2,Faculdade de Arquitetura - 12103,Sala 302,Laboratório de Informática,26,ARQ01075,D,REPRESENTAÇÃO GRÁFICA I,ARQU,QUINTA-FEIRA,09:30,12:30,3,11,23,B/D
2026/2,Faculdade de Arquitetura - 12103,Sala 302,Laboratório de Informática,26,ARQ01008,A,PROJETO ARQUITETÔNICO II,ARQU,SEXTA-FEIRA,09:30,12:30,3,15,15,A
2026/2,Faculdade de Arquitetura - 12103,Sala 302,Laboratório de Informática,26,ARQ01076,D,REPRESENTAÇÃO GRÁFICA II,ARQU,SEGUNDA-FEIRA,13:30,16:30,3,12,24,D/E
2026/2,Faculdade de Arquitetura - 12103,Sala 302,Laboratório de Informática,26,ARQ01076,E,REPRESENTAÇÃO GRÁFICA II,ARQU,SEGUNDA-FEIRA,13:30,16:30,3,12,24,D/E
2026/2,Faculdade de Arquitetura - 12103,Sala 302,Laboratório de Informática,26,ARQ01075,B,REPRESENTAÇÃO GRÁFICA I,ARQU,TERÇA-FEIRA,13:30,16:30,3,12,23,B/D
2026/2,Faculdade de Arquitetura - 12103,Sala 302,Laboratório de Informática,26,ARQ01075,D,REPRESENTAÇÃO GRÁFICA I,ARQU,TERÇA-FEIRA,13:30,16:30,3,11,23,B/D
2026/2,Faculdade de Arquitetura - 12103,Sala 302,Laboratório de Informática,26,ARQ01076,D,REPRESENTAÇÃO GRÁFICA II,ARQU,QUARTA-FEIRA,13:30,16:30,3,12,24,D/E
2026/2,Faculdade de Arquitetura - 12103,Sala 302,Laboratório de Informática,26,ARQ01076,E,REPRESENTAÇÃO GRÁFICA II,ARQU,QUARTA-FEIRA,13:30,16:30,3,12,24,D/E
2026/2,Faculdade de Arquitetura - 12103,Sala 302,Laboratório de Informática,26,ARQ01075,A,REPRESENTAÇÃO GRÁFICA I,ARQU,QUINTA-FEIRA,13:30,16:30,3,12,23,A/E
2026/2,Faculdade de Arquitetura - 12103,Sala 302,Laboratório de Informática,26,ARQ01075,E,REPRESENTAÇÃO GRÁFICA I,ARQU,QUINTA-FEIRA,13:30,16:30,3,11,23,A/E
2026/2,Faculdade de Arquitetura - 12103,Sala 302,Laboratório de Informática,26,ARQ03095,AA,ESTUDOS TIPOGRÁFICOS,DVIS,SEXTA-FEIRA,13:30,15:30,2,25,25,AA
2026/2,Faculdade de Arquitetura - 12103,Sala 302,Laboratório de Informática,26,ARQ03095,AA,ESTUDOS TIPOGRÁFICOS,DPRO,SEXTA-FEIRA,13:30,15:30,2,25,25,AA
2026/2,Faculdade de Arquitetura - 12103,Sala 302,Laboratório de Informática,26,ARQ03148,A,DESIGN TIPOGRÁFICO,DVIS,SEXTA-FEIRA,15:30,17:30,2,21,21,A
2026/2,Faculdade de Arquitetura - 12103,Sala 302,Laboratório de Informática,26,ARQ03148,A,DESIGN TIPOGRÁFICO,DPRO,SEXTA-FEIRA,15:30,17:30,2,21,21,A
2026/2,Faculdade de Arquitetura - 12103,Sala 302,Laboratório de Informática,26,ARQ03129,A,GESTÃO DE DESENVOLVIMENTO DE PROJETOS,DVIS,TERÇA-FEIRA,16:30,18:30,2,30,30,A
2026/2,Faculdade de Arquitetura - 12103,Sala 302,Laboratório de Informática,26,ARQ03129,A,GESTÃO DE DESENVOLVIMENTO DE PROJETOS,DPRO,TERÇA-FEIRA,16:30,18:30,2,30,30,A
2026/2,Faculdade de Arquitetura - 12103,Sala 302,Laboratório de Informática,26,ARQ03129,A,GESTÃO DE DESENVOLVIMENTO DE PROJETOS,DVIS,QUINTA-FEIRA,16:30,18:30,2,30,30,A
2026/2,Faculdade de Arquitetura - 12103,Sala 302,Laboratório de Informática,26,ARQ03129,A,GESTÃO DE DESENVOLVIMENTO DE PROJETOS,DPRO,QUINTA-FEIRA,16:30,18:30,2,30,30,A
2026/2,Faculdade de Arquitetura - 12103,Sala 302,Laboratório de Informática,26,ARQ01008,C,PROJETO ARQUITETÔNICO II,ARQU,SEGUNDA-FEIRA,18:30,22:30,4,15,15,C
2026/2,Faculdade de Arquitetura - 12103,Sala 302,Laboratório de Informática,26,ARQ03087,A,PROJETO VISUAL IV,DVIS,TERÇA-FEIRA,18:30,21:30,3,18,18,A
2026/2,Faculdade de Arquitetura - 12103,Sala 302,Laboratório de Informática,26,ARQ03087,A,PROJETO VISUAL IV,DVIS,QUINTA-FEIRA,18:30,21:30,3,18,18,A
2026/2,Faculdade de Arquitetura - 12103,Sala 303,Atelier,42,ARQ02004,A,URBANISMO III,ARQU,TERÇA-FEIRA,08:30,12:30,4,15,30,A/B
2026/2,Faculdade de Arquitetura - 12103,Sala 303,Atelier,42,ARQ02004,B,URBANISMO III,ARQU,TERÇA-FEIRA,08:30,12:30,4,15,30,A/B
2026/2,Faculdade de Arquitetura - 12103,Sala 303,Atelier,42,ARQ01013,C,PROJETO ARQUITETÔNICO V,ARQU,SEGUNDA-FEIRA,09:30,12:30,3,15,30,C/D
2026/2,Faculdade de Arquitetura - 12103,Sala 303,Atelier,42,ARQ01013,D,PROJETO ARQUITETÔNICO V,ARQU,SEGUNDA-FEIRA,09:30,12:30,3,15,30,C/D
2026/2,Faculdade de Arquitetura - 12103,Sala 303,Atelier,42,ARQ01016,A,PROJETO ARQUITETÔNICO VI,ARQU,QUARTA-FEIRA,09:30,12:30,3,16,48,A/B/C
2026/2,Faculdade de Arquitetura - 12103,Sala 303,Atelier,42,ARQ01016,B,PROJETO ARQUITETÔNICO VI,ARQU,QUARTA-FEIRA,09:30,12:30,3,16,48,A/B/C
2026/2,Faculdade de Arquitetura - 12103,Sala 303,Atelier,42,ARQ01016,C,PROJETO ARQUITETÔNICO VI,ARQU,QUARTA-FEIRA,09:30,12:30,3,16,48,A/B/C
2026/2,Faculdade de Arquitetura - 12103,Sala 303,Atelier,42,ARQ02004,A,URBANISMO III,ARQU,QUINTA-FEIRA,09:30,12:30,3,15,30,A/B
2026/2,Faculdade de Arquitetura - 12103,Sala 303,Atelier,42,ARQ02004,B,URBANISMO III,ARQU,QUINTA-FEIRA,09:30,12:30,3,15,30,A/B
2026/2,Faculdade de Arquitetura - 12103,Sala 303,Atelier,42,ARQ01016,A,PROJETO ARQUITETÔNICO VI,ARQU,SEXTA-FEIRA,09:30,12:30,3,16,48,A/B/C
2026/2,Faculdade de Arquitetura - 12103,Sala 303,Atelier,42,ARQ01016,B,PROJETO ARQUITETÔNICO VI,ARQU,SEXTA-FEIRA,09:30,12:30,3,16,48,A/B/C
2026/2,Faculdade de Arquitetura - 12103,Sala 303,Atelier,42,ARQ01016,C,PROJETO ARQUITETÔNICO VI,ARQU,SEXTA-FEIRA,09:30,12:30,3,16,48,A/B/C
2026/2,Faculdade de Arquitetura - 12103,Sala 303,Atelier,42,ARQ03142,A,DESIGN DE INTERFACES DIGITAIS,DVIS,TERÇA-FEIRA,13:30,17:30,4,19,19,A
2026/2,Faculdade de Arquitetura - 12103,Sala 303,Atelier,42,ARQ03142,A,DESIGN DE INTERFACES DIGITAIS,DPRO,TERÇA-FEIRA,13:30,17:30,4,19,19,A
2026/2,Faculdade de Arquitetura - 12103,Sala 303,Atelier,42,ARQ01098,A,SEMINÁRIO DE TCC - PROJETO ARQUITETÔNICO,ARQU,SEGUNDA-FEIRA,14:30,17:30,3,17,34,A/B
2026/2,Faculdade de Arquitetura - 12103,Sala 303,Atelier,42,ARQ01098,B,SEMINÁRIO DE TCC - PROJETO ARQUITETÔNICO,ARQU,SEGUNDA-FEIRA,14:30,17:30,3,17,34,A/B
2026/2,Faculdade de Arquitetura - 12103,Sala 303,Atelier,42,ARQ01098,A,SEMINÁRIO DE TCC - PROJETO ARQUITETÔNICO,ARQU,QUARTA-FEIRA,14:30,17:30,3,17,34,A/B
2026/2,Faculdade de Arquitetura - 12103,Sala 303,Atelier,42,ARQ01098,B,SEMINÁRIO DE TCC - PROJETO ARQUITETÔNICO,ARQU,QUARTA-FEIRA,14:30,17:30,3,17,34,A/B
2026/2,Faculdade de Arquitetura - 12103,Sala 303,Atelier,42,ARQ01013,C,PROJETO ARQUITETÔNICO V,ARQU,QUINTA-FEIRA,16:30,19:30,3,15,30,C/D
2026/2,Faculdade de Arquitetura - 12103,Sala 303,Atelier,42,ARQ01013,D,PROJETO ARQUITETÔNICO V,ARQU,QUINTA-FEIRA,16:30,19:30,3,15,30,C/D
2026/2,Faculdade de Arquitetura - 12103,Sala 303,Atelier,42,ARQ03147,A,INTRODUÇÃO AO TCC - DESIGN,DVIS,QUARTA-FEIRA,17:30,19:30,2,25,25,A
2026/2,Faculdade de Arquitetura - 12103,Sala 303,Atelier,42,ARQ03147,A,INTRODUÇÃO AO TCC - DESIGN,DPRO,QUARTA-FEIRA,17:30,19:30,2,25,25,A
2026/2,Faculdade de Arquitetura - 12103,Sala 303,Atelier,42,ARQ01016,A,PROJETO ARQUITETÔNICO VI,ARQU,SEGUNDA-FEIRA,18:30,22:30,4,16,48,A/B/C
2026/2,Faculdade de Arquitetura - 12103,Sala 303,Atelier,42,ARQ01016,B,PROJETO ARQUITETÔNICO VI,ARQU,SEGUNDA-FEIRA,18:30,22:30,4,16,48,A/B/C
2026/2,Faculdade de Arquitetura - 12103,Sala 303,Atelier,42,ARQ01016,C,PROJETO ARQUITETÔNICO VI,ARQU,SEGUNDA-FEIRA,18:30,22:30,4,16,48,A/B/C
2026/2,Faculdade de Arquitetura - 12103,Sala 304,Atelier,64,ARQ01011,A,PROJETO ARQUITETÔNICO IV,ARQU,SEGUNDA-FEIRA,09:30,12:30,3,16,32,A/D
2026/2,Faculdade de Arquitetura - 12103,Sala 304,Atelier,64,ARQ01011,D,PROJETO ARQUITETÔNICO IV,ARQU,SEGUNDA-FEIRA,09:30,12:30,3,16,32,A/D
2026/2,Faculdade de Arquitetura - 12103,Sala 304,Atelier,64,ARQ01046,C,DESENHO DE CONCEPÇÃO I,ARQU,QUARTA-FEIRA,09:30,12:30,3,19,38,C/D
2026/2,Faculdade de Arquitetura - 12103,Sala 304,Atelier,64,ARQ01046,C,DESENHO DE CONCEPÇÃO I,ARQU,QUARTA-FEIRA,13:30,16:30,3,19,38,C/D
2026/2,Faculdade de Arquitetura - 12103,Sala 304,Atelier,64,ARQ01046,D,DESENHO DE CONCEPÇÃO I,ARQU,QUARTA-FEIRA,09:30,12:30,3,19,38,C/D
2026/2,Faculdade de Arquitetura - 12103,Sala 304,Atelier,64,ARQ01046,D,DESENHO DE CONCEPÇÃO I,ARQU,QUARTA-FEIRA,13:30,16:30,3,19,38,C/D
2026/2,Faculdade de Arquitetura - 12103,Sala 304,Atelier,64,ARQ01046,B,DESENHO DE CONCEPÇÃO I,ARQU,SEXTA-FEIRA,09:30,12:30,3,20,39,B/A
2026/2,Faculdade de Arquitetura - 12103,Sala 304,Atelier,64,ARQ01046,B,DESENHO DE CONCEPÇÃO I,ARQU,SEXTA-FEIRA,13:30,16:30,3,20,39,B/A
2026/2,Faculdade de Arquitetura - 12103,Sala 304,Atelier,64,ARQ01046,A,DESENHO DE CONCEPÇÃO I,ARQU,SEXTA-FEIRA,09:30,12:30,3,19,39,B/A
2026/2,Faculdade de Arquitetura - 12103,Sala 304,Atelier,64,ARQ01046,A,DESENHO DE CONCEPÇÃO I,ARQU,SEXTA-FEIRA,13:30,16:30,3,19,39,B/A
2026/2,Faculdade de Arquitetura - 12103,Sala 304,Atelier,64,ARQ03150,B,ANÁLISE E REPRESENTAÇÃO DA FORMA II: DESIGN VISUAL,DVIS,SEGUNDA-FEIRA,13:30,17:30,4,21,21,B
2026/2,Faculdade de Arquitetura - 12103,Sala 304,Atelier,64,ARQ01011,A,PROJETO ARQUITETÔNICO IV,ARQU,TERÇA-FEIRA,18:30,22:30,4,16,32,A/D
2026/2,Faculdade de Arquitetura - 12103,Sala 304,Atelier,64,ARQ01011,D,PROJETO ARQUITETÔNICO IV,ARQU,TERÇA-FEIRA,18:30,22:30,4,16,32,A/D
2026/2,Faculdade de Arquitetura - 12103,Sala 304,Atelier,64,ARQ01011,A,PROJETO ARQUITETÔNICO IV,ARQU,QUINTA-FEIRA,18:30,21:30,3,16,32,A/D
2026/2,Faculdade de Arquitetura - 12103,Sala 304,Atelier,64,ARQ01011,D,PROJETO ARQUITETÔNICO IV,ARQU,QUINTA-FEIRA,18:30,21:30,3,16,32,A/D
2026/2,Faculdade de Arquitetura - 12103,Sala 312,Sala de aula,33,IPH02046,B,INSTALAÇÕES HIDRÁULICAS PREDIAIS B,ARQU,SEGUNDA-FEIRA,07:30,09:30,2,25,25,B
2026/2,Faculdade de Arquitetura - 12103,Sala 312,Sala de aula,33,ENG03015,A,ACÚSTICA APLICADA,ARQU,TERÇA-FEIRA,07:30,09:30,2,30,30,A
2026/2,Faculdade de Arquitetura - 12103,Sala 312,Sala de aula,33,ENG01139,A,MECÂNICA PARA ARQUITETOS,ARQU,QUARTA-FEIRA,07:30,09:30,2,40,40,A
2026/2,Faculdade de Arquitetura - 12103,Sala 312,Sala de aula,33,ARQ02020,B,PRÁTICAS SOCIAIS NA ARQUITETURA E NO URBANISMO,ARQU,QUINTA-FEIRA,07:30,09:30,2,30,30,B
2026/2,Faculdade de Arquitetura - 12103,Sala 312,Sala de aula,33,ENG01139,A,MECÂNICA PARA ARQUITETOS,ARQU,SEXTA-FEIRA,07:30,09:30,2,40,40,A
2026/2,Faculdade de Arquitetura - 12103,Sala 312,Sala de aula,33,IPH02046,A,INSTALAÇÕES HIDRÁULICAS PREDIAIS B,ARQU,SEGUNDA-FEIRA,09:30,11:30,2,25,25,A
2026/2,Faculdade de Arquitetura - 12103,Sala 312,Sala de aula,33,ARQ02201,A,EVOLUÇÃO URBANA,ARQU,TERÇA-FEIRA,09:30,12:30,3,27,27,A
2026/2,Faculdade de Arquitetura - 12103,Sala 312,Sala de aula,33,ARQ02201,A,EVOLUÇÃO URBANA,ARQU,QUINTA-FEIRA,09:30,12:30,3,27,27,A
2026/2,Faculdade de Arquitetura - 12103,Sala 312,Sala de aula,33,ARQ01099,A,HABITABILIDADE DAS EDIFICAÇÕES IV,ARQU,SEXTA-FEIRA,09:30,11:30,2,40,40,A
2026/2,Faculdade de Arquitetura - 12103,Sala 312,Sala de aula,33,ARQ01001,B,HISTÓRIA DA ARQUITETURA E DA ARTE I,ARQU,SEGUNDA-FEIRA,13:30,15:30,2,37,37,B
2026/2,Faculdade de Arquitetura - 12103,Sala 312,Sala de aula,33,ARQ01003,A,HISTÓRIA DA ARQUITETURA E DA ARTE II,ARQU,TERÇA-FEIRA,13:30,15:30,2,25,25,A
2026/2,Faculdade de Arquitetura - 12103,Sala 312,Sala de aula,33,ENG03015,B,ACÚSTICA APLICADA,ARQU,QUINTA-FEIRA,13:30,15:30,2,30,30,B
2026/2,Faculdade de Arquitetura - 12103,Sala 312,Sala de aula,33,ARQ03080,A,SEMIÓTICA,DVIS,SEGUNDA-FEIRA,15:30,17:30,2,38,38,A
2026/2,Faculdade de Arquitetura - 12103,Sala 312,Sala de aula,33,ARQ03080,A,SEMIÓTICA,DPRO,SEGUNDA-FEIRA,15:30,17:30,2,38,38,A
2026/2,Faculdade de Arquitetura - 12103,Sala 312,Sala de aula,33,ARQ01001,A,HISTÓRIA DA ARQUITETURA E DA ARTE I,ARQU,TERÇA-FEIRA,15:30,17:30,2,37,37,A
2026/2,Faculdade de Arquitetura - 12103,Sala 312,Sala de aula,33,ARQ03112,A,TEORIA E HISTÓRIA DO DESIGN II,DVIS,QUARTA-FEIRA,16:30,18:30,2,40,40,A
2026/2,Faculdade de Arquitetura - 12103,Sala 312,Sala de aula,33,ARQ03112,A,TEORIA E HISTÓRIA DO DESIGN II,DPRO,QUARTA-FEIRA,16:30,18:30,2,40,40,A
2026/2,Faculdade de Arquitetura - 12103,Sala 312,Sala de aula,33,ARQ01087,B,HABITABILIDADE DAS EDIFICAÇÕES II,ARQU,QUINTA-FEIRA,16:30,18:30,2,30,30,B
2026/2,Faculdade de Arquitetura - 12103,Sala 312,Sala de aula,33,ARQ01073,A,ECONOMIA E GESTÃO DA EDIFICAÇÃO,ARQU,SEGUNDA-FEIRA,18:30,20:30,2,35,35,A
2026/2,Faculdade de Arquitetura - 12103,Sala 312,Sala de aula,33,ARQ01004,B,HISTÓRIA DA ARQUITETURA E DA ARTE III,ARQU,TERÇA-FEIRA,18:30,20:30,2,23,23,B
2026/2,Faculdade de Arquitetura - 12103,Sala 312,Sala de aula,33,ARQ01073,A,ECONOMIA E GESTÃO DA EDIFICAÇÃO,ARQU,QUARTA-FEIRA,18:30,20:30,2,35,35,A
2026/2,Faculdade de Arquitetura - 12103,Sala 312,Sala de aula,33,IPH01005,U,HIDRÁULICA DE CONDUTOS FORÇADOS,ARQU,SEGUNDA-FEIRA,20:30,22:30,2,15,15,U
2026/2,Faculdade de Arquitetura - 12103,Sala 312,Sala de aula,33,IPH01005,U,HIDRÁULICA DE CONDUTOS FORÇADOS,ARQU,QUARTA-FEIRA,20:30,22:30,2,15,15,U
2026/2,Faculdade de Arquitetura - 12103,Sala 313,Sala de aula,46,IPH02045,B,INSTALAÇÕES HIDRÁULICAS PREDIAIS A,ARQU,SEGUNDA-FEIRA,07:30,09:30,2,25,25,B
2026/2,Faculdade de Arquitetura - 12103,Sala 313,Sala de aula,46,ARQ01090,D1,PRÁTICAS EM OBRAS I,ARQU,QUARTA-FEIRA,07:30,08:30,1,5,5,D1
2026/2,Faculdade de Arquitetura - 12103,Sala 313,Sala de aula,46,ARQ01018,A,TÉCNICAS RETROSPECTIVAS,ARQU,TERÇA-FEIRA,08:30,12:30,4,25,25,A
2026/2,Faculdade de Arquitetura - 12103,Sala 313,Sala de aula,46,ARQ01090,E1,PRÁTICAS EM OBRAS I,ARQU,QUARTA-FEIRA,08:30,09:30,1,5,5,E1
2026/2,Faculdade de Arquitetura - 12103,Sala 313,Sala de aula,46,ARQ03111,A,TEORIA E HISTÓRIA DO DESIGN I,DVIS,QUINTA-FEIRA,08:30,10:30,2,40,40,A
2026/2,Faculdade de Arquitetura - 12103,Sala 313,Sala de aula,46,ARQ03111,A,TEORIA E HISTÓRIA DO DESIGN I,DPRO,QUINTA-FEIRA,08:30,10:30,2,40,40,A
2026/2,Faculdade de Arquitetura - 12103,Sala 313,Sala de aula,46,ENG01174,U,ESTRUTURA DE CONCRETO ARMADO A,ARQU,SEXTA-FEIRA,08:30,12:30,4,45,45,U
2026/2,Faculdade de Arquitetura - 12103,Sala 313,Sala de aula,46,IPH02045,A,INSTALAÇÕES HIDRÁULICAS PREDIAIS A,ARQU,SEGUNDA-FEIRA,09:30,11:30,2,30,30,A
2026/2,Faculdade de Arquitetura - 12103,Sala 313,Sala de aula,46,ARQ01091,D2,PRÁTICAS EM OBRAS II,ARQU,QUARTA-FEIRA,09:30,10:30,1,5,5,D2
2026/2,Faculdade de Arquitetura - 12103,Sala 313,Sala de aula,46,ARQ01091,E2,PRÁTICAS EM OBRAS II,ARQU,QUARTA-FEIRA,10:30,11:30,1,5,5,E2
2026/2,Faculdade de Arquitetura - 12103,Sala 313,Sala de aula,46,ARQ02020,A,PRÁTICAS SOCIAIS NA ARQUITETURA E NO URBANISMO,ARQU,QUARTA-FEIRA,14:30,16:30,2,30,30,A
2026/2,Faculdade de Arquitetura - 12103,Sala 313,Sala de aula,46,ARQ02201,B,EVOLUÇÃO URBANA,ARQU,QUINTA-FEIRA,14:30,17:30,3,25,25,B
2026/2,Faculdade de Arquitetura - 12103,Sala 313,Sala de aula,46,ARQ02201,B,EVOLUÇÃO URBANA,ARQU,SEXTA-FEIRA,14:30,17:30,3,25,25,B
2026/2,Faculdade de Arquitetura - 12103,Sala 313,Sala de aula,46,ARQ01095,U,ARQUITETURA MODERNA NA AMÉRICA LATINA,ARQU,TERÇA-FEIRA,16:30,18:30,2,25,25,U
2026/2,Faculdade de Arquitetura - 12103,Sala 313,Sala de aula,46,DIR01014,U,ELEMENTOS DE DIREITO AMBIENTAL,ARQU,SEGUNDA-FEIRA,18:30,21:30,3,30,30,U
2026/2,Faculdade de Arquitetura - 12103,Sala 313,Sala de aula,46,ENG01139,B,MECÂNICA PARA ARQUITETOS,ARQU,TERÇA-FEIRA,18:30,20:30,2,40,40,B
2026/2,Faculdade de Arquitetura - 12103,Sala 313,Sala de aula,46,ARQ02001,B,TEORIAS SOBRE O ESPAÇO URBANO,ARQU,QUARTA-FEIRA,18:30,20:30,2,22,22,B
2026/2,Faculdade de Arquitetura - 12103,Sala 313,Sala de aula,46,ARQ02001,B,TEORIAS SOBRE O ESPAÇO URBANO,ARQU,QUINTA-FEIRA,18:30,20:30,2,22,22,B
2026/2,Faculdade de Arquitetura - 12103,Sala 314,Sala de aula,60,ARQ01005,A,ARQUITETURA NO BRASIL,ARQU,SEGUNDA-FEIRA,07:30,09:30,2,30,30,A
2026/2,Faculdade de Arquitetura - 12103,Sala 314,Sala de aula,60,ARQ01018,B,TÉCNICAS RETROSPECTIVAS,ARQU,TERÇA-FEIRA,08:30,12:30,4,25,25,B
2026/2,Faculdade de Arquitetura - 12103,Sala 314,Sala de aula,60,ENG01176,A,TÉCNICAS DE EDIFICAÇÃO C,ARQU,QUARTA-FEIRA,08:30,10:30,2,45,45,A
2026/2,Faculdade de Arquitetura - 12103,Sala 314,Sala de aula,60,ENG01176,A,TÉCNICAS DE EDIFICAÇÃO C,ARQU,SEXTA-FEIRA,08:30,10:30,2,45,45,A
2026/2,Faculdade de Arquitetura - 12103,Sala 314,Sala de aula,60,ARQ01085,A,HABITABILIDADE DAS EDIFICAÇÕES I,ARQU,SEGUNDA-FEIRA,09:30,11:30,2,30,30,A
2026/2,Faculdade de Arquitetura - 12103,Sala 314,Sala de aula,60,ENG03019,D,CONTROLE DIMENSIONAL B,DPRO,QUINTA-FEIRA,09:30,12:30,3,15,15,D
2026/2,Faculdade de Arquitetura - 12103,Sala 314,Sala de aula,60,ARQ03118,C,DESENHO TÉCNICO PARA CIÊNCIAS AGRÁRIAS,CAGR,TERÇA-FEIRA,13:30,16:30,3,30,30,C
2026/2,Faculdade de Arquitetura - 12103,Sala 314,Sala de aula,60,ARQ03118,A,DESENHO TÉCNICO PARA CIÊNCIAS AGRÁRIAS,CAGR,QUARTA-FEIRA,13:30,16:30,3,26,52,A/B
2026/2,Faculdade de Arquitetura - 12103,Sala 314,Sala de aula,60,ARQ03118,B,DESENHO TÉCNICO PARA CIÊNCIAS AGRÁRIAS,CAGR,QUARTA-FEIRA,13:30,16:30,3,26,52,A/B
2026/2,Faculdade de Arquitetura - 12103,Sala 314,Sala de aula,60,IPH01014,U,GERENCIAMENTO DA DRENAGEM URBANA,ARQU,SEXTA-FEIRA,13:30,17:30,4,25,25,U
2026/2,Faculdade de Arquitetura - 12103,Sala 314,Sala de aula,60,IPH02050,B,TRATAMENTO DE ÁGUA E ESGOTOS,ARQU,SEGUNDA-FEIRA,16:30,18:30,2,45,45,B
2026/2,Faculdade de Arquitetura - 12103,Sala 314,Sala de aula,60,ARQ01094,B,HABITABILIDADE DAS EDIFICAÇÕES III,ARQU,SEGUNDA-FEIRA,18:30,20:30,2,30,30,B
2026/2,Faculdade de Arquitetura - 12103,Sala 314,Sala de aula,60,ENG01139,B,MECÂNICA PARA ARQUITETOS,ARQU,QUINTA-FEIRA,18:30,20:30,2,40,40,B
2026/2,Faculdade de Arquitetura - 12103,Sala 401,Atelier,20,ARQ03090,A,PROJETO INTEGRADO II,DVIS,SEGUNDA-FEIRA,09:30,12:30,3,14,28,A/B
2026/2,Faculdade de Arquitetura - 12103,Sala 401,Atelier,20,ARQ03090,A,PROJETO INTEGRADO II,DPRO,SEGUNDA-FEIRA,09:30,12:30,3,14,28,A/B
2026/2,Faculdade de Arquitetura - 12103,Sala 401,Atelier,20,ARQ03090,B,PROJETO INTEGRADO II,DVIS,SEGUNDA-FEIRA,09:30,12:30,3,14,28,A/B
2026/2,Faculdade de Arquitetura - 12103,Sala 401,Atelier,20,ARQ03090,B,PROJETO INTEGRADO II,DPRO,SEGUNDA-FEIRA,09:30,12:30,3,14,28,A/B
2026/2,Faculdade de Arquitetura - 12103,Sala 401,Atelier,20,ARQ02002,C,URBANISMO I,ARQU,TERÇA-FEIRA,09:30,12:30,3,15,45,C/B/A
2026/2,Faculdade de Arquitetura - 12103,Sala 401,Atelier,20,ARQ02002,B,URBANISMO I,ARQU,TERÇA-FEIRA,09:30,12:30,3,15,45,C/B/A
2026/2,Faculdade de Arquitetura - 12103,Sala 401,Atelier,20,ARQ02002,A,URBANISMO I,ARQU,TERÇA-FEIRA,09:30,12:30,3,15,45,C/B/A
2026/2,Faculdade de Arquitetura - 12103,Sala 401,Atelier,20,ARQ03090,A,PROJETO INTEGRADO II,DVIS,QUARTA-FEIRA,09:30,12:30,3,14,28,A/B
2026/2,Faculdade de Arquitetura - 12103,Sala 401,Atelier,20,ARQ03090,A,PROJETO INTEGRADO II,DPRO,QUARTA-FEIRA,09:30,12:30,3,14,28,A/B
2026/2,Faculdade de Arquitetura - 12103,Sala 401,Atelier,20,ARQ03090,B,PROJETO INTEGRADO II,DVIS,QUARTA-FEIRA,09:30,12:30,3,14,28,A/B
2026/2,Faculdade de Arquitetura - 12103,Sala 401,Atelier,20,ARQ03090,B,PROJETO INTEGRADO II,DPRO,QUARTA-FEIRA,09:30,12:30,3,14,28,A/B
2026/2,Faculdade de Arquitetura - 12103,Sala 401,Atelier,20,ARQ02002,C,URBANISMO I,ARQU,QUINTA-FEIRA,09:30,12:30,3,15,45,C/B/A
2026/2,Faculdade de Arquitetura - 12103,Sala 401,Atelier,20,ARQ02002,B,URBANISMO I,ARQU,QUINTA-FEIRA,09:30,12:30,3,15,45,C/B/A
2026/2,Faculdade de Arquitetura - 12103,Sala 401,Atelier,20,ARQ02002,A,URBANISMO I,ARQU,QUINTA-FEIRA,09:30,12:30,3,15,45,C/B/A
2026/2,Faculdade de Arquitetura - 12103,Sala 401,Atelier,20,ARQ01007,A,PROJETO ARQUITETÔNICO I,ARQU,SEXTA-FEIRA,09:30,12:30,3,15,30,A/C
2026/2,Faculdade de Arquitetura - 12103,Sala 401,Atelier,20,ARQ01007,C,PROJETO ARQUITETÔNICO I,ARQU,SEXTA-FEIRA,09:30,12:30,3,15,30,A/C
2026/2,Faculdade de Arquitetura - 12103,Sala 401,Atelier,20,ARQ03062,A,PRÁTICA INTEGRADA DE CRIAÇÃO I,DVIS,TERÇA-FEIRA,14:30,18:30,4,22,22,A
2026/2,Faculdade de Arquitetura - 12103,Sala 401,Atelier,20,ARQ03062,A,PRÁTICA INTEGRADA DE CRIAÇÃO I,DPRO,TERÇA-FEIRA,14:30,18:30,4,22,22,A
2026/2,Faculdade de Arquitetura - 12103,Sala 401,Atelier,20,ARQ03062,B,PRÁTICA INTEGRADA DE CRIAÇÃO I,DVIS,QUINTA-FEIRA,14:30,18:30,4,22,22,B
2026/2,Faculdade de Arquitetura - 12103,Sala 401,Atelier,20,ARQ03062,B,PRÁTICA INTEGRADA DE CRIAÇÃO I,DPRO,QUINTA-FEIRA,14:30,18:30,4,22,22,B
2026/2,Faculdade de Arquitetura - 12103,Sala 401,Atelier,20,ARQ01007,A,PROJETO ARQUITETÔNICO I,ARQU,SEGUNDA-FEIRA,18:30,22:30,4,15,30,A/C
2026/2,Faculdade de Arquitetura - 12103,Sala 401,Atelier,20,ARQ01007,C,PROJETO ARQUITETÔNICO I,ARQU,SEGUNDA-FEIRA,18:30,22:30,4,15,30,A/C
2026/2,Faculdade de Arquitetura - 12103,Sala 401,Atelier,20,DIR04401,B,INTRODUÇÃO AO DIREITO DO TRABALHO,ARQU,TERÇA-FEIRA,18:30,20:30,2,43,43,B
2026/2,Faculdade de Arquitetura - 12103,Sala 401,Atelier,20,ARQ01007,A,PROJETO ARQUITETÔNICO I,ARQU,QUARTA-FEIRA,18:30,21:30,3,15,30,A/C
2026/2,Faculdade de Arquitetura - 12103,Sala 401,Atelier,20,ARQ01007,C,PROJETO ARQUITETÔNICO I,ARQU,QUARTA-FEIRA,18:30,21:30,3,15,30,A/C
2026/2,Faculdade de Arquitetura - 12103,Sala 401,Atelier,20,DIR04401,B,INTRODUÇÃO AO DIREITO DO TRABALHO,ARQU,QUINTA-FEIRA,18:30,20:30,2,43,43,B
2026/2,Faculdade de Arquitetura - 12103,Sala 401,Atelier,20,DIR04401,C,INTRODUÇÃO AO DIREITO DO TRABALHO,ARQU,TERÇA-FEIRA,20:30,22:30,2,54,54,C
2026/2,Faculdade de Arquitetura - 12103,Sala 401,Atelier,20,DIR04401,C,INTRODUÇÃO AO DIREITO DO TRABALHO,ARQU,QUINTA-FEIRA,20:30,22:30,2,54,54,C
2026/2,Faculdade de Arquitetura - 12103,Sala 402,Atelier,27,ARQ03083,A,PROJETO DE PRODUTO III,DPRO,TERÇA-FEIRA,07:30,10:30,3,14,14,A
2026/2,Faculdade de Arquitetura - 12103,Sala 402,Atelier,27,ARQ03083,A,PROJETO DE PRODUTO III,DPRO,QUINTA-FEIRA,07:30,10:30,3,14,14,A
2026/2,Faculdade de Arquitetura - 12103,Sala 402,Atelier,27,ARQ01049,C,INTRODUÇÃO AO PROJETO ARQUITETÔNICO II,ARQU,SEGUNDA-FEIRA,09:30,12:30,3,15,15,C
2026/2,Faculdade de Arquitetura - 12103,Sala 402,Atelier,27,ARQ01049,C,INTRODUÇÃO AO PROJETO ARQUITETÔNICO II,ARQU,QUARTA-FEIRA,09:30,12:30,3,15,15,C
2026/2,Faculdade de Arquitetura - 12103,Sala 402,Atelier,27,ARQ01049,C,INTRODUÇÃO AO PROJETO ARQUITETÔNICO II,ARQU,SEXTA-FEIRA,09:30,12:30,3,15,15,C
2026/2,Faculdade de Arquitetura - 12103,Sala 402,Atelier,27,ARQ03099,A,DESIGN INSTRUCIONAL,DVIS,TERÇA-FEIRA,10:30,12:30,2,18,18,A
2026/2,Faculdade de Arquitetura - 12103,Sala 402,Atelier,27,ARQ03099,A,DESIGN INSTRUCIONAL,DPRO,TERÇA-FEIRA,10:30,12:30,2,18,18,A
2026/2,Faculdade de Arquitetura - 12103,Sala 402,Atelier,27,ARQ03099,A,DESIGN INSTRUCIONAL,DVIS,QUINTA-FEIRA,10:30,12:30,2,18,18,A
2026/2,Faculdade de Arquitetura - 12103,Sala 402,Atelier,27,ARQ03099,A,DESIGN INSTRUCIONAL,DPRO,QUINTA-FEIRA,10:30,12:30,2,18,18,A
2026/2,Faculdade de Arquitetura - 12103,Sala 402,Atelier,27,ARQ01030,B,TÓPICOS ESPECIAIS EM PROJETO ARQUITETÔNICO II-A,ARQU,SEGUNDA-FEIRA,13:30,16:30,3,10,20,B/A
2026/2,Faculdade de Arquitetura - 12103,Sala 402,Atelier,27,ARQ01030,A,TÓPICOS ESPECIAIS EM PROJETO ARQUITETÔNICO II-A,ARQU,SEGUNDA-FEIRA,13:30,16:30,3,10,20,B/A
2026/2,Faculdade de Arquitetura - 12103,Sala 402,Atelier,27,ARQ01030,B,TÓPICOS ESPECIAIS EM PROJETO ARQUITETÔNICO II-A,ARQU,SEXTA-FEIRA,13:30,16:30,3,10,20,B/A
2026/2,Faculdade de Arquitetura - 12103,Sala 402,Atelier,27,ARQ01030,A,TÓPICOS ESPECIAIS EM PROJETO ARQUITETÔNICO II-A,ARQU,SEXTA-FEIRA,13:30,16:30,3,10,20,B/A
2026/2,Faculdade de Arquitetura - 12103,Sala 402,Atelier,27,ARQ03077,A,PROJETO DE PRODUTO II,DPRO,TERÇA-FEIRA,14:30,17:30,3,15,15,A
2026/2,Faculdade de Arquitetura - 12103,Sala 402,Atelier,27,BIO02224,T1,ESTUDO DA VEGETAÇÃO,ARQU,QUARTA-FEIRA,14:30,17:30,3,8,24,T1/P1/P2
2026/2,Faculdade de Arquitetura - 12103,Sala 402,Atelier,27,BIO02224,P1,ESTUDO DA VEGETAÇÃO,ARQU,QUARTA-FEIRA,14:30,17:30,3,8,24,T1/P1/P2
2026/2,Faculdade de Arquitetura - 12103,Sala 402,Atelier,27,BIO02224,P2,ESTUDO DA VEGETAÇÃO,ARQU,QUARTA-FEIRA,14:30,17:30,3,8,24,T1/P1/P2
2026/2,Faculdade de Arquitetura - 12103,Sala 402,Atelier,27,ARQ03077,A,PROJETO DE PRODUTO II,DPRO,QUINTA-FEIRA,14:30,17:30,3,15,15,A
2026/2,Faculdade de Arquitetura - 12103,Sala 402,Atelier,27,ARQ02006,C,URBANISMO IV,ARQU,SEGUNDA-FEIRA,18:30,22:30,4,17,17,C
2026/2,Faculdade de Arquitetura - 12103,Sala 402,Atelier,27,ARQ01009,B,PROJETO ARQUITETÔNICO III,ARQU,TERÇA-FEIRA,18:30,22:30,4,15,15,B
2026/2,Faculdade de Arquitetura - 12103,Sala 402,Atelier,27,HUM04815,U,ESTUDOS DE SOCIOLOGIA URBANA,ARQU,QUARTA-FEIRA,18:30,22:30,4,30,30,U
2026/2,Faculdade de Arquitetura - 12103,Sala 402,Atelier,27,ARQ02006,C,URBANISMO IV,ARQU,QUINTA-FEIRA,18:30,21:30,3,17,17,C
2026/2,Faculdade de Arquitetura - 12103,Sala 403,Atelier,21,ARQ02003,B,URBANISMO II,ARQU,QUINTA-FEIRA,08:30,12:30,4,17,17,B
2026/2,Faculdade de Arquitetura - 12103,Sala 403,Atelier,21,ARQ01013,A,PROJETO ARQUITETÔNICO V,ARQU,SEGUNDA-FEIRA,09:30,12:30,3,15,15,A
2026/2,Faculdade de Arquitetura - 12103,Sala 403,Atelier,21,ARQ02003,B,URBANISMO II,ARQU,TERÇA-FEIRA,09:30,12:30,3,17,17,B
2026/2,Faculdade de Arquitetura - 12103,Sala 403,Atelier,21,ARQ01008,A,PROJETO ARQUITETÔNICO II,ARQU,QUARTA-FEIRA,09:30,12:30,3,15,15,A
2026/2,Faculdade de Arquitetura - 12103,Sala 403,Atelier,21,ARQ01084,U,FOTOGRAFIA DE ARQUITETURA E CIDADE,ARQU,SEGUNDA-FEIRA,13:30,17:30,4,15,15,U
2026/2,Faculdade de Arquitetura - 12103,Sala 403,Atelier,21,ARQ03098,A,METODOLOGIA DE PROJETO,DVIS,TERÇA-FEIRA,13:30,15:30,2,22,22,A
2026/2,Faculdade de Arquitetura - 12103,Sala 403,Atelier,21,ARQ03098,A,METODOLOGIA DE PROJETO,DPRO,TERÇA-FEIRA,13:30,15:30,2,22,22,A
2026/2,Faculdade de Arquitetura - 12103,Sala 403,Atelier,21,ARQ03098,A,METODOLOGIA DE PROJETO,DVIS,QUINTA-FEIRA,13:30,15:30,2,22,22,A
2026/2,Faculdade de Arquitetura - 12103,Sala 403,Atelier,21,ARQ03098,A,METODOLOGIA DE PROJETO,DPRO,QUINTA-FEIRA,13:30,15:30,2,22,22,A
2026/2,Faculdade de Arquitetura - 12103,Sala 403,Atelier,21,ARQ01013,A,PROJETO ARQUITETÔNICO V,ARQU,QUINTA-FEIRA,16:30,19:30,3,15,15,A
2026/2,Faculdade de Arquitetura - 12103,Sala 403,Atelier,21,ARQ01008,A,PROJETO ARQUITETÔNICO II,ARQU,SEGUNDA-FEIRA,18:30,22:30,4,15,15,A
2026/2,Faculdade de Arquitetura - 12103,Sala 403,Atelier,21,ARQ01013,A,PROJETO ARQUITETÔNICO V,ARQU,TERÇA-FEIRA,18:30,22:30,4,15,15,A
2026/2,Faculdade de Arquitetura - 12103,Sala 404,Atelier,24,ARQ02004,C,URBANISMO III,ARQU,TERÇA-FEIRA,08:30,12:30,4,15,15,C
2026/2,Faculdade de Arquitetura - 12103,Sala 404,Atelier,24,ARQ01011,B,PROJETO ARQUITETÔNICO IV,ARQU,SEGUNDA-FEIRA,09:30,12:30,3,16,16,B
2026/2,Faculdade de Arquitetura - 12103,Sala 404,Atelier,24,ARQ03113,A,PROCESSOS DE PRODUÇÃO GRÁFICA,DVIS,QUARTA-FEIRA,09:30,12:30,3,27,27,A
2026/2,Faculdade de Arquitetura - 12103,Sala 404,Atelier,24,ARQ02004,C,URBANISMO III,ARQU,QUINTA-FEIRA,09:30,12:30,3,15,15,C
2026/2,Faculdade de Arquitetura - 12103,Sala 404,Atelier,24,ARQ01007,D,PROJETO ARQUITETÔNICO I,ARQU,SEXTA-FEIRA,09:30,12:30,3,15,15,D
2026/2,Faculdade de Arquitetura - 12103,Sala 404,Atelier,24,ARQ03098,B,METODOLOGIA DE PROJETO,DVIS,TERÇA-FEIRA,13:30,15:30,2,22,22,B
2026/2,Faculdade de Arquitetura - 12103,Sala 404,Atelier,24,ARQ03098,B,METODOLOGIA DE PROJETO,DPRO,TERÇA-FEIRA,13:30,15:30,2,22,22,B
2026/2,Faculdade de Arquitetura - 12103,Sala 404,Atelier,24,ARQ03085,A,DESIGN DE EMBALAGEM II,DVIS,QUARTA-FEIRA,13:30,17:30,4,35,35,A
2026/2,Faculdade de Arquitetura - 12103,Sala 404,Atelier,24,ARQ03085,A,DESIGN DE EMBALAGEM II,DPRO,QUARTA-FEIRA,13:30,17:30,4,35,35,A
2026/2,Faculdade de Arquitetura - 12103,Sala 404,Atelier,24,ARQ03098,B,METODOLOGIA DE PROJETO,DVIS,QUINTA-FEIRA,13:30,15:30,2,22,22,B
2026/2,Faculdade de Arquitetura - 12103,Sala 404,Atelier,24,ARQ03098,B,METODOLOGIA DE PROJETO,DPRO,QUINTA-FEIRA,13:30,15:30,2,22,22,B
2026/2,Faculdade de Arquitetura - 12103,Sala 404,Atelier,24,ARQ03139,A,ERGONOMIA APLICADA AO DESIGN I,DVIS,TERÇA-FEIRA,15:30,17:30,2,25,25,A
2026/2,Faculdade de Arquitetura - 12103,Sala 404,Atelier,24,ARQ03139,A,ERGONOMIA APLICADA AO DESIGN I,DPRO,TERÇA-FEIRA,15:30,17:30,2,25,25,A
2026/2,Faculdade de Arquitetura - 12103,Sala 404,Atelier,24,ARQ03139,A,ERGONOMIA APLICADA AO DESIGN I,DVIS,QUINTA-FEIRA,15:30,17:30,2,25,25,A
2026/2,Faculdade de Arquitetura - 12103,Sala 404,Atelier,24,ARQ03139,A,ERGONOMIA APLICADA AO DESIGN I,DPRO,QUINTA-FEIRA,15:30,17:30,2,25,25,A
2026/2,Faculdade de Arquitetura - 12103,Sala 404,Atelier,24,ARQ01007,D,PROJETO ARQUITETÔNICO I,ARQU,SEGUNDA-FEIRA,18:30,22:30,4,15,15,D
2026/2,Faculdade de Arquitetura - 12103,Sala 404,Atelier,24,ARQ01011,B,PROJETO ARQUITETÔNICO IV,ARQU,TERÇA-FEIRA,18:30,22:30,4,16,16,B
2026/2,Faculdade de Arquitetura - 12103,Sala 404,Atelier,24,ARQ01007,D,PROJETO ARQUITETÔNICO I,ARQU,QUARTA-FEIRA,18:30,21:30,3,15,15,D
2026/2,Faculdade de Arquitetura - 12103,Sala 404,Atelier,24,ARQ01011,B,PROJETO ARQUITETÔNICO IV,ARQU,QUINTA-FEIRA,18:30,21:30,3,16,16,B
2026/2,Faculdade de Arquitetura - 12103,Sala 405,Atelier,24,ENG01169,A,RESISTÊNCIA DOS MATERIAIS PARA ARQUITETOS,ARQU,QUARTA-FEIRA,07:30,09:30,2,37,37,A
2026/2,Faculdade de Arquitetura - 12103,Sala 405,Atelier,24,ENG01169,A,RESISTÊNCIA DOS MATERIAIS PARA ARQUITETOS,ARQU,SEXTA-FEIRA,07:30,09:30,2,37,37,A
2026/2,Faculdade de Arquitetura - 12103,Sala 405,Atelier,24,ARQ01008,D,PROJETO ARQUITETÔNICO II,ARQU,QUARTA-FEIRA,09:30,12:30,3,15,30,D/B
2026/2,Faculdade de Arquitetura - 12103,Sala 405,Atelier,24,ARQ01008,B,PROJETO ARQUITETÔNICO II,ARQU,QUARTA-FEIRA,09:30,12:30,3,15,30,D/B
2026/2,Faculdade de Arquitetura - 12103,Sala 405,Atelier,24,ARQ01008,D,PROJETO ARQUITETÔNICO II,ARQU,SEXTA-FEIRA,09:30,12:30,3,15,30,D/B
2026/2,Faculdade de Arquitetura - 12103,Sala 405,Atelier,24,ARQ01008,B,PROJETO ARQUITETÔNICO II,ARQU,SEXTA-FEIRA,09:30,12:30,3,15,30,D/B
2026/2,Faculdade de Arquitetura - 12103,Sala 405,Atelier,24,AGR06014,B,PAISAGISMO E O AMBIENTE CONSTRUÍDO,ARQU,QUINTA-FEIRA,13:30,16:30,3,16,16,B
2026/2,Faculdade de Arquitetura - 12103,Sala 405,Atelier,24,ARQ01008,D,PROJETO ARQUITETÔNICO II,ARQU,SEGUNDA-FEIRA,18:30,22:30,4,15,30,D/B
2026/2,Faculdade de Arquitetura - 12103,Sala 405,Atelier,24,ARQ01008,B,PROJETO ARQUITETÔNICO II,ARQU,SEGUNDA-FEIRA,18:30,22:30,4,15,30,D/B
2026/2,Faculdade de Arquitetura - 12103,Sala 407,Sala de aula,15,ARQ01049,A,INTRODUÇÃO AO PROJETO ARQUITETÔNICO II,ARQU,SEGUNDA-FEIRA,09:30,12:30,3,15,15,A
2026/2,Faculdade de Arquitetura - 12103,Sala 407,Sala de aula,15,ARQ01049,A,INTRODUÇÃO AO PROJETO ARQUITETÔNICO II,ARQU,QUARTA-FEIRA,09:30,12:30,3,15,15,A
2026/2,Faculdade de Arquitetura - 12103,Sala 407,Sala de aula,15,ARQ01049,A,INTRODUÇÃO AO PROJETO ARQUITETÔNICO II,ARQU,SEXTA-FEIRA,09:30,12:30,3,15,15,A
2026/2,Faculdade de Arquitetura - 12103,Sala 407,Sala de aula,15,DIR03017,U,DIREITO NOTARIAL,ARQU,TERÇA-FEIRA,18:30,22:30,4,16,16,U
2026/2,Faculdade de Arquitetura - 12103,Sala 409,Atelier,16,ARQ01088,B,TEORIA DA ARQUITETURA I,ARQU,SEGUNDA-FEIRA,07:30,09:30,2,16,16,B
2026/2,Faculdade de Arquitetura - 12103,Sala 409,Atelier,16,ARQ01088,A,TEORIA DA ARQUITETURA I,ARQU,TERÇA-FEIRA,07:30,09:30,2,19,19,A
2026/2,Faculdade de Arquitetura - 12103,Sala 409,Atelier,16,ARQ01089,B,TEORIA DA ARQUITETURA II,ARQU,QUINTA-FEIRA,07:30,09:30,2,24,24,B
2026/2,Faculdade de Arquitetura - 12103,Sala 409,Atelier,16,ARQ01049,D,INTRODUÇÃO AO PROJETO ARQUITETÔNICO II,ARQU,SEGUNDA-FEIRA,09:30,12:30,3,15,15,D
2026/2,Faculdade de Arquitetura - 12103,Sala 409,Atelier,16,ARQ01049,D,INTRODUÇÃO AO PROJETO ARQUITETÔNICO II,ARQU,QUARTA-FEIRA,09:30,12:30,3,15,15,D
2026/2,Faculdade de Arquitetura - 12103,Sala 409,Atelier,16,ARQ01049,D,INTRODUÇÃO AO PROJETO ARQUITETÔNICO II,ARQU,SEXTA-FEIRA,09:30,12:30,3,15,15,D
2026/2,Faculdade de Arquitetura - 12103,Sala 409,Atelier,16,ENG03040,U,SISTEMAS ESTRUTURAIS APLICADOS,DPRO,QUINTA-FEIRA,10:30,12:30,2,16,16,U
2026/2,Faculdade de Arquitetura - 12103,Sala 409,Atelier,16,ENG02009,U,CIÊNCIA DOS MATERIAIS C,ARQU,SEGUNDA-FEIRA,18:30,20:30,2,15,15,U
2026/2,Faculdade de Arquitetura - 12103,Sala 409,Atelier,16,ARQ01089,A,TEORIA DA ARQUITETURA II,ARQU,TERÇA-FEIRA,18:30,20:30,2,23,23,A
2026/2,Faculdade de Arquitetura - 12103,Sala 409,Atelier,16,ENG02009,U,CIÊNCIA DOS MATERIAIS C,ARQU,QUARTA-FEIRA,18:30,20:30,2,15,15,U
2026/2,Faculdade de Arquitetura - 12103,Sala 413,Sala de aula,61,ARQ01005,B,ARQUITETURA NO BRASIL,ARQU,SEGUNDA-FEIRA,07:30,09:30,2,30,30,B
2026/2,Faculdade de Arquitetura - 12103,Sala 413,Sala de aula,61,ARQ01086,A,HISTÓRIA DA ARQUITETURA E DA ARTE IV,ARQU,TERÇA-FEIRA,07:30,09:30,2,30,30,A
2026/2,Faculdade de Arquitetura - 12103,Sala 413,Sala de aula,61,ARQ01086,B,HISTÓRIA DA ARQUITETURA E DA ARTE IV,ARQU,QUARTA-FEIRA,07:30,09:30,2,30,30,B
2026/2,Faculdade de Arquitetura - 12103,Sala 413,Sala de aula,61,ARQ01005,B,ARQUITETURA NO BRASIL,ARQU,QUINTA-FEIRA,07:30,09:30,2,30,30,B
2026/2,Faculdade de Arquitetura - 12103,Sala 413,Sala de aula,61,ENG01171,U,TÉCNICAS DE EDIFICAÇÃO A,ARQU,SEXTA-FEIRA,07:30,09:30,2,45,45,U
2026/2,Faculdade de Arquitetura - 12103,Sala 413,Sala de aula,61,ARQ02005,A,PLANEJAMENTO E GESTÃO URBANA,ARQU,SEGUNDA-FEIRA,09:30,13:30,4,55,55,A
2026/2,Faculdade de Arquitetura - 12103,Sala 413,Sala de aula,61,ARQ01004,A,HISTÓRIA DA ARQUITETURA E DA ARTE III,ARQU,TERÇA-FEIRA,09:30,11:30,2,30,30,A
2026/2,Faculdade de Arquitetura - 12103,Sala 413,Sala de aula,61,ARQ01009,B,PROJETO ARQUITETÔNICO III,ARQU,QUINTA-FEIRA,09:30,12:30,3,15,15,B
2026/2,Faculdade de Arquitetura - 12103,Sala 413,Sala de aula,61,ENG01173,U,ESTRUTURAS DE AÇO E DE MADEIRA A,ARQU,QUARTA-FEIRA,10:30,12:30,2,45,45,U
2026/2,Faculdade de Arquitetura - 12103,Sala 413,Sala de aula,61,ENG01173,U,ESTRUTURAS DE AÇO E DE MADEIRA A,ARQU,SEXTA-FEIRA,10:30,12:30,2,45,45,U
2026/2,Faculdade de Arquitetura - 12103,Sala 413,Sala de aula,61,ENG01171,U,TÉCNICAS DE EDIFICAÇÃO A,ARQU,QUARTA-FEIRA,13:30,15:30,2,45,45,U
2026/2,Faculdade de Arquitetura - 12103,Sala 413,Sala de aula,61,ARQ02007,U,PLANO DIRETOR - CONTEÚDO E TENDÊNCIAS,ARQU,SEGUNDA-FEIRA,14:30,18:30,4,25,25,U
2026/2,Faculdade de Arquitetura - 12103,Sala 413,Sala de aula,61,ARQ03079,A,"DESIGN, IDENTIDADE CULTURAL E ARTESANATO",DVIS,SEXTA-FEIRA,14:30,16:30,2,36,36,A
2026/2,Faculdade de Arquitetura - 12103,Sala 413,Sala de aula,61,ARQ03079,A,"DESIGN, IDENTIDADE CULTURAL E ARTESANATO",DPRO,SEXTA-FEIRA,14:30,16:30,2,36,36,A
2026/2,Faculdade de Arquitetura - 12103,Sala 413,Sala de aula,61,ARQ02025,A,TÓPICOS ESPECIAIS EM TEORIAS SOBRE O ESPAÇO URBANO I - C,ARQU,QUINTA-FEIRA,15:30,17:30,2,9,9,A
2026/2,Faculdade de Arquitetura - 12103,Sala 413,Sala de aula,61,ARQ01003,B,HISTÓRIA DA ARQUITETURA E DA ARTE II,ARQU,TERÇA-FEIRA,16:30,18:30,2,26,26,B
2026/2,Faculdade de Arquitetura - 12103,Sala 413,Sala de aula,61,ARQ03114,A,DESIGN CONTEMPORÂNEO: TEORIA E HISTÓRIA,DVIS,SEXTA-FEIRA,16:30,19:30,3,35,35,A
2026/2,Faculdade de Arquitetura - 12103,Sala 413,Sala de aula,61,ARQ03114,A,DESIGN CONTEMPORÂNEO: TEORIA E HISTÓRIA,DPRO,SEXTA-FEIRA,16:30,19:30,3,35,35,A
2026/2,Faculdade de Arquitetura - 12103,Sala 413,Sala de aula,61,ARQ03092,A,SEMINÁRIO EM DESIGN I,DVIS,SEGUNDA-FEIRA,18:30,20:30,2,44,44,A
2026/2,Faculdade de Arquitetura - 12103,Sala 413,Sala de aula,61,ARQ03092,A,SEMINÁRIO EM DESIGN I,DPRO,SEGUNDA-FEIRA,18:30,20:30,2,44,44,A
2026/2,Faculdade de Arquitetura - 12103,Sala 413,Sala de aula,61,ADM01185,D,TEORIAS ORGANIZACIONAIS I,ARQU,TERÇA-FEIRA,18:30,20:30,2,50,50,D
2026/2,Faculdade de Arquitetura - 12103,Sala 413,Sala de aula,61,ARQ01017,U,LEGISLAÇÃO E EXERCÍCIO PROFISSIONAL NA ARQUITETURA,ARQU,QUARTA-FEIRA,18:30,20:30,2,42,42,U
2026/2,Faculdade de Arquitetura - 12103,Sala 413,Sala de aula,61,ADM01185,D,TEORIAS ORGANIZACIONAIS I,ARQU,QUINTA-FEIRA,18:30,20:30,2,50,50,D
2026/2,Faculdade de Arquitetura - 12103,Sala 414,Atelier,20,ARQ01090,H1,PRÁTICAS EM OBRAS I,ARQU,QUARTA-FEIRA,07:30,08:30,1,5,5,H1
2026/2,Faculdade de Arquitetura - 12103,Sala 414,Atelier,20,ARQ01090,I1,PRÁTICAS EM OBRAS I,ARQU,QUARTA-FEIRA,08:30,09:30,1,5,5,I1
2026/2,Faculdade de Arquitetura - 12103,Sala 414,Atelier,20,ENG03019,C,CONTROLE DIMENSIONAL B,DPRO,TERÇA-FEIRA,09:30,12:30,3,15,15,C
2026/2,Faculdade de Arquitetura - 12103,Sala 414,Atelier,20,ARQ01091,J2,PRÁTICAS EM OBRAS II,ARQU,QUARTA-FEIRA,09:30,10:30,1,5,5,J2
2026/2,Faculdade de Arquitetura - 12103,Sala 414,Atelier,20,ARQ01091,L2,PRÁTICAS EM OBRAS II,ARQU,QUARTA-FEIRA,10:30,11:30,1,5,5,L2
2026/2,Faculdade de Arquitetura - 12103,Sala 414,Atelier,20,ENG02042,B,BIÔNICA,ARQU,SEGUNDA-FEIRA,13:30,17:30,4,17,17,B
2026/2,Faculdade de Arquitetura - 12103,Sala 414,Atelier,20,ENG02016,U,SELEÇÃO DE MATERIAIS A,ARQU,TERÇA-FEIRA,14:30,18:30,4,26,26,U
2026/2,Faculdade de Arquitetura - 12103,Sala 415,Sala de aula,52,ENG01175,U,ESTRUTURA DE CONCRETO ARMADO B,ARQU,SEGUNDA-FEIRA,07:30,09:30,2,50,50,U
2026/2,Faculdade de Arquitetura - 12103,Sala 415,Sala de aula,52,ENG01172,U,TÉCNICAS DE EDIFICAÇÃO B,ARQU,TERÇA-FEIRA,07:30,09:30,2,45,45,U
2026/2,Faculdade de Arquitetura - 12103,Sala 415,Sala de aula,52,ENG01172,U,TÉCNICAS DE EDIFICAÇÃO B,ARQU,QUINTA-FEIRA,07:30,09:30,2,45,45,U
2026/2,Faculdade de Arquitetura - 12103,Sala 415,Sala de aula,52,ENG01175,U,ESTRUTURA DE CONCRETO ARMADO B,ARQU,SEXTA-FEIRA,07:30,09:30,2,50,50,U
2026/2,Faculdade de Arquitetura - 12103,Sala 415,Sala de aula,52,HUM04824,U,SOCIOLOGIA DA CULTURA,ARQU,QUARTA-FEIRA,08:30,12:30,4,41,41,U
2026/2,Faculdade de Arquitetura - 12103,Sala 415,Sala de aula,52,ARQ03006,A,TÉCNICAS DE REPRESENTAÇÃO ARQUITETÔNICA,ARQU,SEGUNDA-FEIRA,09:30,12:30,3,20,40,A/B
2026/2,Faculdade de Arquitetura - 12103,Sala 415,Sala de aula,52,ARQ03006,B,TÉCNICAS DE REPRESENTAÇÃO ARQUITETÔNICA,ARQU,SEGUNDA-FEIRA,09:30,12:30,3,20,40,A/B
2026/2,Faculdade de Arquitetura - 12103,Sala 415,Sala de aula,52,ARQ01085,B,HABITABILIDADE DAS EDIFICAÇÕES I,ARQU,QUINTA-FEIRA,09:30,11:30,2,30,30,B
2026/2,Faculdade de Arquitetura - 12103,Sala 415,Sala de aula,52,ARQ03006,D,TÉCNICAS DE REPRESENTAÇÃO ARQUITETÔNICA,ARQU,SEXTA-FEIRA,09:30,12:30,3,35,35,D
2026/2,Faculdade de Arquitetura - 12103,Sala 415,Sala de aula,52,ARQ01094,A,HABITABILIDADE DAS EDIFICAÇÕES III,ARQU,TERÇA-FEIRA,10:30,12:30,2,30,30,A
2026/2,Faculdade de Arquitetura - 12103,Sala 415,Sala de aula,52,ARQ03065,A,GEOMETRIA DESCRITIVA PARA DESIGNERS,DVIS,TERÇA-FEIRA,13:30,15:30,2,17,34,A/B
2026/2,Faculdade de Arquitetura - 12103,Sala 415,Sala de aula,52,ARQ03065,A,GEOMETRIA DESCRITIVA PARA DESIGNERS,DPRO,TERÇA-FEIRA,13:30,15:30,2,17,34,A/B
2026/2,Faculdade de Arquitetura - 12103,Sala 415,Sala de aula,52,ARQ03065,B,GEOMETRIA DESCRITIVA PARA DESIGNERS,DVIS,TERÇA-FEIRA,13:30,15:30,2,17,34,A/B
2026/2,Faculdade de Arquitetura - 12103,Sala 415,Sala de aula,52,ARQ03065,B,GEOMETRIA DESCRITIVA PARA DESIGNERS,DPRO,TERÇA-FEIRA,13:30,15:30,2,17,34,A/B
2026/2,Faculdade de Arquitetura - 12103,Sala 415,Sala de aula,52,ARQ03065,A,GEOMETRIA DESCRITIVA PARA DESIGNERS,DVIS,QUINTA-FEIRA,13:30,15:30,2,17,34,A/B
2026/2,Faculdade de Arquitetura - 12103,Sala 415,Sala de aula,52,ARQ03065,A,GEOMETRIA DESCRITIVA PARA DESIGNERS,DPRO,QUINTA-FEIRA,13:30,15:30,2,17,34,A/B
2026/2,Faculdade de Arquitetura - 12103,Sala 415,Sala de aula,52,ARQ03065,B,GEOMETRIA DESCRITIVA PARA DESIGNERS,DVIS,QUINTA-FEIRA,13:30,15:30,2,17,34,A/B
2026/2,Faculdade de Arquitetura - 12103,Sala 415,Sala de aula,52,ARQ03065,B,GEOMETRIA DESCRITIVA PARA DESIGNERS,DPRO,QUINTA-FEIRA,13:30,15:30,2,17,34,A/B
2026/2,Faculdade de Arquitetura - 12103,Sala 415,Sala de aula,52,ARQ03318,I,DESENHO TÉCNICO I-A,DVIS,TERÇA-FEIRA,15:30,17:30,2,17,33,I/II
2026/2,Faculdade de Arquitetura - 12103,Sala 415,Sala de aula,52,ARQ03318,I,DESENHO TÉCNICO I-A,DPRO,TERÇA-FEIRA,15:30,17:30,2,17,33,I/II
2026/2,Faculdade de Arquitetura - 12103,Sala 415,Sala de aula,52,ARQ03318,II,DESENHO TÉCNICO I-A,DVIS,TERÇA-FEIRA,15:30,17:30,2,16,33,I/II
2026/2,Faculdade de Arquitetura - 12103,Sala 415,Sala de aula,52,ARQ03318,II,DESENHO TÉCNICO I-A,DPRO,TERÇA-FEIRA,15:30,17:30,2,16,33,I/II
2026/2,Faculdade de Arquitetura - 12103,Sala 415,Sala de aula,52,ARQ03318,I,DESENHO TÉCNICO I-A,DVIS,QUINTA-FEIRA,15:30,17:30,2,17,33,I/II
2026/2,Faculdade de Arquitetura - 12103,Sala 415,Sala de aula,52,ARQ03318,I,DESENHO TÉCNICO I-A,DPRO,QUINTA-FEIRA,15:30,17:30,2,17,33,I/II
2026/2,Faculdade de Arquitetura - 12103,Sala 415,Sala de aula,52,ARQ03318,II,DESENHO TÉCNICO I-A,DVIS,QUINTA-FEIRA,15:30,17:30,2,16,33,I/II
2026/2,Faculdade de Arquitetura - 12103,Sala 415,Sala de aula,52,ARQ03318,II,DESENHO TÉCNICO I-A,DPRO,QUINTA-FEIRA,15:30,17:30,2,16,33,I/II
2026/2,Faculdade de Arquitetura - 12103,Sala 415,Sala de aula,52,ARQ03318,M,DESENHO TÉCNICO I-A,DVIS,TERÇA-FEIRA,18:30,20:30,2,25,49,M/MM
2026/2,Faculdade de Arquitetura - 12103,Sala 415,Sala de aula,52,ARQ03318,M,DESENHO TÉCNICO I-A,DPRO,TERÇA-FEIRA,18:30,20:30,2,25,49,M/MM
2026/2,Faculdade de Arquitetura - 12103,Sala 415,Sala de aula,52,ARQ03318,MM,DESENHO TÉCNICO I-A,DVIS,TERÇA-FEIRA,18:30,20:30,2,24,49,M/MM
2026/2,Faculdade de Arquitetura - 12103,Sala 415,Sala de aula,52,ARQ03318,MM,DESENHO TÉCNICO I-A,DPRO,TERÇA-FEIRA,18:30,20:30,2,24,49,M/MM
2026/2,Faculdade de Arquitetura - 12103,Sala 415,Sala de aula,52,ARQ03318,M,DESENHO TÉCNICO I-A,DVIS,QUINTA-FEIRA,18:30,20:30,2,25,49,M/MM
2026/2,Faculdade de Arquitetura - 12103,Sala 415,Sala de aula,52,ARQ03318,M,DESENHO TÉCNICO I-A,DPRO,QUINTA-FEIRA,18:30,20:30,2,25,49,M/MM
2026/2,Faculdade de Arquitetura - 12103,Sala 415,Sala de aula,52,ARQ03318,MM,DESENHO TÉCNICO I-A,DVIS,QUINTA-FEIRA,18:30,20:30,2,24,49,M/MM
2026/2,Faculdade de Arquitetura - 12103,Sala 415,Sala de aula,52,ARQ03318,MM,DESENHO TÉCNICO I-A,DPRO,QUINTA-FEIRA,18:30,20:30,2,24,49,M/MM
2026/2,Faculdade de Arquitetura - 12103,Sala 415,Sala de aula,52,ADM01030,A,PENSAMENTO SOCIAL BRASILEIRO,ARQU,SEGUNDA-FEIRA,20:30,22:30,2,45,45,A
2026/2,Faculdade de Arquitetura - 12103,Sala 415,Sala de aula,52,ADM01030,A,PENSAMENTO SOCIAL BRASILEIRO,ARQU,QUARTA-FEIRA,20:30,22:30,2,45,45,A
2026/2,Faculdade de Arquitetura - 12103,Sala 501,Atelier,36,ARQ03152,B,GEOMETRIA DESCRITIVA APLICADA À ENGENHARIA,ENGMEC,TERÇA-FEIRA,07:30,09:30,2,26,26,B
2026/2,Faculdade de Arquitetura - 12103,Sala 501,Atelier,36,ARQ03152,B,GEOMETRIA DESCRITIVA APLICADA À ENGENHARIA,ENGMEC,QUINTA-FEIRA,07:30,09:30,2,26,26,B
2026/2,Faculdade de Arquitetura - 12103,Sala 501,Atelier,36,ARQ01049,B,INTRODUÇÃO AO PROJETO ARQUITETÔNICO II,ARQU,SEGUNDA-FEIRA,09:30,12:30,3,15,15,B
2026/2,Faculdade de Arquitetura - 12103,Sala 501,Atelier,36,ARQ01047,A,DESENHO DE CONCEPÇÃO II,ARQU,TERÇA-FEIRA,09:30,12:30,3,16,31,A/B
2026/2,Faculdade de Arquitetura - 12103,Sala 501,Atelier,36,ARQ01047,B,DESENHO DE CONCEPÇÃO II,ARQU,TERÇA-FEIRA,09:30,12:30,3,15,31,A/B
2026/2,Faculdade de Arquitetura - 12103,Sala 501,Atelier,36,ARQ01049,B,INTRODUÇÃO AO PROJETO ARQUITETÔNICO II,ARQU,QUARTA-FEIRA,09:30,12:30,3,15,15,B
2026/2,Faculdade de Arquitetura - 12103,Sala 501,Atelier,36,ARQ01047,C,DESENHO DE CONCEPÇÃO II,ARQU,QUINTA-FEIRA,09:30,12:30,3,16,31,C/D
2026/2,Faculdade de Arquitetura - 12103,Sala 501,Atelier,36,ARQ01047,D,DESENHO DE CONCEPÇÃO II,ARQU,QUINTA-FEIRA,09:30,12:30,3,15,31,C/D
2026/2,Faculdade de Arquitetura - 12103,Sala 501,Atelier,36,ARQ01049,B,INTRODUÇÃO AO PROJETO ARQUITETÔNICO II,ARQU,SEXTA-FEIRA,09:30,12:30,3,15,15,B
2026/2,Faculdade de Arquitetura - 12103,Sala 501,Atelier,36,ARQ03149,A,ANÁLISE E REPRESENTAÇÃO DA FORMA II: DESIGN DE PRODUTO,DPRO,SEGUNDA-FEIRA,13:30,17:30,4,23,23,A
2026/2,Faculdade de Arquitetura - 12103,Sala 501,Atelier,36,ARQ03063,B,ANÁLISE E REPRESENTAÇÃO DA FORMA I,DVIS,TERÇA-FEIRA,13:30,17:30,4,22,22,B
2026/2,Faculdade de Arquitetura - 12103,Sala 501,Atelier,36,ARQ03063,B,ANÁLISE E REPRESENTAÇÃO DA FORMA I,DPRO,TERÇA-FEIRA,13:30,17:30,4,22,22,B
2026/2,Faculdade de Arquitetura - 12103,Sala 501,Atelier,36,ARQ03063,A,ANÁLISE E REPRESENTAÇÃO DA FORMA I,DVIS,QUINTA-FEIRA,13:30,17:30,4,22,22,A
2026/2,Faculdade de Arquitetura - 12103,Sala 501,Atelier,36,ARQ03063,A,ANÁLISE E REPRESENTAÇÃO DA FORMA I,DPRO,QUINTA-FEIRA,13:30,17:30,4,22,22,A
2026/2,Faculdade de Arquitetura - 12103,Sala 501,Atelier,36,ARQ02001,A,TEORIAS SOBRE O ESPAÇO URBANO,ARQU,QUARTA-FEIRA,18:30,20:30,2,30,30,A
2026/2,Faculdade de Arquitetura - 12103,Sala 501,Atelier,36,ARQ02001,A,TEORIAS SOBRE O ESPAÇO URBANO,ARQU,QUINTA-FEIRA,18:30,20:30,2,30,30,A
2026/2,Faculdade de Arquitetura - 12103,Sala 502,Atelier,27,ARQ03086,A,PROJETO DE PRODUTO IV,DPRO,SEGUNDA-FEIRA,07:30,10:30,3,12,12,A
2026/2,Faculdade de Arquitetura - 12103,Sala 502,Atelier,27,ARQ03086,A,PROJETO DE PRODUTO IV,DPRO,QUARTA-FEIRA,07:30,10:30,3,12,12,A
2026/2,Faculdade de Arquitetura - 12103,Sala 502,Atelier,27,ARQ02003,A,URBANISMO II,ARQU,QUINTA-FEIRA,08:30,12:30,4,17,34,A/C
2026/2,Faculdade de Arquitetura - 12103,Sala 502,Atelier,27,ARQ02003,C,URBANISMO II,ARQU,QUINTA-FEIRA,08:30,12:30,4,17,34,A/C
2026/2,Faculdade de Arquitetura - 12103,Sala 502,Atelier,27,ARQ02003,A,URBANISMO II,ARQU,TERÇA-FEIRA,09:30,12:30,3,17,34,A/C
2026/2,Faculdade de Arquitetura - 12103,Sala 502,Atelier,27,ARQ02003,C,URBANISMO II,ARQU,TERÇA-FEIRA,09:30,12:30,3,17,34,A/C
2026/2,Faculdade de Arquitetura - 12103,Sala 502,Atelier,27,ARQ01007,B,PROJETO ARQUITETÔNICO I,ARQU,SEXTA-FEIRA,09:30,12:30,3,15,15,B
2026/2,Faculdade de Arquitetura - 12103,Sala 502,Atelier,27,ARQ03151,A,DESIGN DE MOLDES PARA TERMOPLÁSTICOS,DPRO,SEGUNDA-FEIRA,10:30,12:30,2,8,8,A
2026/2,Faculdade de Arquitetura - 12103,Sala 502,Atelier,27,ARQ03081,A,PROJETO INTEGRADO I,DVIS,SEGUNDA-FEIRA,13:30,16:30,3,15,30,A/B
2026/2,Faculdade de Arquitetura - 12103,Sala 502,Atelier,27,ARQ03081,A,PROJETO INTEGRADO I,DPRO,SEGUNDA-FEIRA,13:30,16:30,3,15,30,A/B
2026/2,Faculdade de Arquitetura - 12103,Sala 502,Atelier,27,ARQ03081,B,PROJETO INTEGRADO I,DVIS,SEGUNDA-FEIRA,13:30,16:30,3,15,30,A/B
2026/2,Faculdade de Arquitetura - 12103,Sala 502,Atelier,27,ARQ03081,B,PROJETO INTEGRADO I,DPRO,SEGUNDA-FEIRA,13:30,16:30,3,15,30,A/B
2026/2,Faculdade de Arquitetura - 12103,Sala 502,Atelier,27,ARQ03081,A,PROJETO INTEGRADO I,DVIS,QUARTA-FEIRA,13:30,16:30,3,15,30,A/B
2026/2,Faculdade de Arquitetura - 12103,Sala 502,Atelier,27,ARQ03081,A,PROJETO INTEGRADO I,DPRO,QUARTA-FEIRA,13:30,16:30,3,15,30,A/B
2026/2,Faculdade de Arquitetura - 12103,Sala 502,Atelier,27,ARQ03081,B,PROJETO INTEGRADO I,DVIS,QUARTA-FEIRA,13:30,16:30,3,15,30,A/B
2026/2,Faculdade de Arquitetura - 12103,Sala 502,Atelier,27,ARQ03081,B,PROJETO INTEGRADO I,DPRO,QUARTA-FEIRA,13:30,16:30,3,15,30,A/B
2026/2,Faculdade de Arquitetura - 12103,Sala 502,Atelier,27,ARQ03072,A,PROJETO DE PRODUTO I,DPRO,TERÇA-FEIRA,14:30,17:30,3,18,18,A
2026/2,Faculdade de Arquitetura - 12103,Sala 502,Atelier,27,ARQ03072,A,PROJETO DE PRODUTO I,DPRO,QUINTA-FEIRA,14:30,17:30,3,18,18,A
2026/2,Faculdade de Arquitetura - 12103,Sala 502,Atelier,27,ARQ03140,A,ERGONOMIA APLICADA AO DESIGN II,DVIS,TERÇA-FEIRA,17:30,19:30,2,18,18,A
2026/2,Faculdade de Arquitetura - 12103,Sala 502,Atelier,27,ARQ03140,A,ERGONOMIA APLICADA AO DESIGN II,DPRO,TERÇA-FEIRA,17:30,19:30,2,18,18,A
2026/2,Faculdade de Arquitetura - 12103,Sala 502,Atelier,27,ARQ01007,B,PROJETO ARQUITETÔNICO I,ARQU,SEGUNDA-FEIRA,18:30,22:30,4,15,15,B
2026/2,Faculdade de Arquitetura - 12103,Sala 502,Atelier,27,ARQ01007,B,PROJETO ARQUITETÔNICO I,ARQU,QUARTA-FEIRA,18:30,21:30,3,15,15,B
2026/2,Faculdade de Arquitetura - 12103,Sala 503,Atelier,31,ARQ01005,A,ARQUITETURA NO BRASIL,ARQU,QUINTA-FEIRA,07:30,09:30,2,30,30,A
2026/2,Faculdade de Arquitetura - 12103,Sala 503,Atelier,31,ARQ02213,A,MORFOLOGIA E INFRAESTRUTURA URBANA,ARQU,QUARTA-FEIRA,08:30,12:30,4,22,44,A/B
2026/2,Faculdade de Arquitetura - 12103,Sala 503,Atelier,31,ARQ02213,B,MORFOLOGIA E INFRAESTRUTURA URBANA,ARQU,QUARTA-FEIRA,08:30,12:30,4,22,44,A/B
2026/2,Faculdade de Arquitetura - 12103,Sala 503,Atelier,31,ARQ01020,A,PROJETO ARQUITETÔNICO VII,ARQU,SEGUNDA-FEIRA,09:30,12:30,3,15,45,A/B/C
2026/2,Faculdade de Arquitetura - 12103,Sala 503,Atelier,31,ARQ01020,B,PROJETO ARQUITETÔNICO VII,ARQU,SEGUNDA-FEIRA,09:30,12:30,3,15,45,A/B/C
2026/2,Faculdade de Arquitetura - 12103,Sala 503,Atelier,31,ARQ01020,C,PROJETO ARQUITETÔNICO VII,ARQU,SEGUNDA-FEIRA,09:30,12:30,3,15,45,A/B/C
2026/2,Faculdade de Arquitetura - 12103,Sala 503,Atelier,31,ARQ01020,A,PROJETO ARQUITETÔNICO VII,ARQU,QUINTA-FEIRA,09:30,12:30,3,15,45,A/B/C
2026/2,Faculdade de Arquitetura - 12103,Sala 503,Atelier,31,ARQ01020,B,PROJETO ARQUITETÔNICO VII,ARQU,QUINTA-FEIRA,09:30,12:30,3,15,45,A/B/C
2026/2,Faculdade de Arquitetura - 12103,Sala 503,Atelier,31,ARQ01020,C,PROJETO ARQUITETÔNICO VII,ARQU,QUINTA-FEIRA,09:30,12:30,3,15,45,A/B/C
2026/2,Faculdade de Arquitetura - 12103,Sala 503,Atelier,31,ARQ01009,B,PROJETO ARQUITETÔNICO III,ARQU,SEXTA-FEIRA,09:30,12:30,3,15,15,B
2026/2,Faculdade de Arquitetura - 12103,Sala 503,Atelier,31,ARQ03064,A,INTRODUÇÃO AO DESIGN,DVIS,TERÇA-FEIRA,10:30,12:30,2,44,44,A
2026/2,Faculdade de Arquitetura - 12103,Sala 503,Atelier,31,ARQ03064,A,INTRODUÇÃO AO DESIGN,DPRO,TERÇA-FEIRA,10:30,12:30,2,44,44,A
2026/2,Faculdade de Arquitetura - 12103,Sala 503,Atelier,31,ARQ03082,A,DESIGN DE EMBALAGEM I,DVIS,QUINTA-FEIRA,13:30,17:30,4,35,35,A
2026/2,Faculdade de Arquitetura - 12103,Sala 503,Atelier,31,ARQ03082,A,DESIGN DE EMBALAGEM I,DPRO,QUINTA-FEIRA,13:30,17:30,4,35,35,A
2026/2,Faculdade de Arquitetura - 12103,Sala 503,Atelier,31,ARQ01087,A,HABITABILIDADE DAS EDIFICAÇÕES II,ARQU,SEGUNDA-FEIRA,16:30,18:30,2,30,30,A
2026/2,Faculdade de Arquitetura - 12103,Sala 503,Atelier,31,ARQ01020,A,PROJETO ARQUITETÔNICO VII,ARQU,TERÇA-FEIRA,18:30,22:30,4,15,45,A/B/C
2026/2,Faculdade de Arquitetura - 12103,Sala 503,Atelier,31,ARQ01020,B,PROJETO ARQUITETÔNICO VII,ARQU,TERÇA-FEIRA,18:30,22:30,4,15,45,A/B/C
2026/2,Faculdade de Arquitetura - 12103,Sala 503,Atelier,31,ARQ01020,C,PROJETO ARQUITETÔNICO VII,ARQU,TERÇA-FEIRA,18:30,22:30,4,15,45,A/B/C
2026/2,Faculdade de Arquitetura - 12103,Sala 503,Atelier,31,ARQ03091,A,ORGANIZAÇÃO DA PRÁTICA PROFISSIONAL EM DESIGN,DVIS,QUARTA-FEIRA,18:30,20:30,2,25,25,A
2026/2,Faculdade de Arquitetura - 12103,Sala 503,Atelier,31,ARQ03091,A,ORGANIZAÇÃO DA PRÁTICA PROFISSIONAL EM DESIGN,DPRO,QUARTA-FEIRA,18:30,20:30,2,25,25,A
2026/2,Faculdade de Arquitetura - 12103,Sala 504,Atelier,39,ARQ03004,C,GEOMETRIA DESCRITIVA APLICADA À ARQUITETURA,ARQU,TERÇA-FEIRA,07:30,09:30,2,18,36,C/D
2026/2,Faculdade de Arquitetura - 12103,Sala 504,Atelier,39,ARQ03004,D,GEOMETRIA DESCRITIVA APLICADA À ARQUITETURA,ARQU,TERÇA-FEIRA,07:30,09:30,2,18,36,C/D
2026/2,Faculdade de Arquitetura - 12103,Sala 504,Atelier,39,ARQ01090,F1,PRÁTICAS EM OBRAS I,ARQU,QUARTA-FEIRA,07:30,08:30,1,5,5,F1
2026/2,Faculdade de Arquitetura - 12103,Sala 504,Atelier,39,ARQ03004,C,GEOMETRIA DESCRITIVA APLICADA À ARQUITETURA,ARQU,QUINTA-FEIRA,07:30,09:30,2,18,36,C/D
2026/2,Faculdade de Arquitetura - 12103,Sala 504,Atelier,39,ARQ03004,D,GEOMETRIA DESCRITIVA APLICADA À ARQUITETURA,ARQU,QUINTA-FEIRA,07:30,09:30,2,18,36,C/D
2026/2,Faculdade de Arquitetura - 12103,Sala 504,Atelier,39,ARQ01090,G1,PRÁTICAS EM OBRAS I,ARQU,QUARTA-FEIRA,08:30,09:30,1,6,6,G1
2026/2,Faculdade de Arquitetura - 12103,Sala 504,Atelier,39,ARQ03139,B,ERGONOMIA APLICADA AO DESIGN I,DVIS,TERÇA-FEIRA,09:30,11:30,2,22,22,B
2026/2,Faculdade de Arquitetura - 12103,Sala 504,Atelier,39,ARQ03139,B,ERGONOMIA APLICADA AO DESIGN I,DPRO,TERÇA-FEIRA,09:30,11:30,2,22,22,B
2026/2,Faculdade de Arquitetura - 12103,Sala 504,Atelier,39,ARQ03139,B,ERGONOMIA APLICADA AO DESIGN I,ARQU,TERÇA-FEIRA,09:30,11:30,2,22,22,B
2026/2,Faculdade de Arquitetura - 12103,Sala 504,Atelier,39,ARQ01091,F2,PRÁTICAS EM OBRAS II,ARQU,QUARTA-FEIRA,09:30,10:30,1,5,5,F2
2026/2,Faculdade de Arquitetura - 12103,Sala 504,Atelier,39,ARQ01009,A,PROJETO ARQUITETÔNICO III,ARQU,QUINTA-FEIRA,09:30,12:30,3,15,30,A/C
2026/2,Faculdade de Arquitetura - 12103,Sala 504,Atelier,39,ARQ01009,C,PROJETO ARQUITETÔNICO III,ARQU,QUINTA-FEIRA,09:30,12:30,3,15,30,A/C
2026/2,Faculdade de Arquitetura - 12103,Sala 504,Atelier,39,ARQ01009,A,PROJETO ARQUITETÔNICO III,ARQU,SEXTA-FEIRA,09:30,12:30,3,15,30,A/C
2026/2,Faculdade de Arquitetura - 12103,Sala 504,Atelier,39,ARQ01009,C,PROJETO ARQUITETÔNICO III,ARQU,SEXTA-FEIRA,09:30,12:30,3,15,30,A/C
2026/2,Faculdade de Arquitetura - 12103,Sala 504,Atelier,39,ARQ01091,G2,PRÁTICAS EM OBRAS II,ARQU,QUARTA-FEIRA,10:30,11:30,1,5,5,G2
2026/2,Faculdade de Arquitetura - 12103,Sala 504,Atelier,39,ARQ03004,A,GEOMETRIA DESCRITIVA APLICADA À ARQUITETURA,ARQU,TERÇA-FEIRA,13:30,15:30,2,35,35,A
2026/2,Faculdade de Arquitetura - 12103,Sala 504,Atelier,39,ARQ03004,A,GEOMETRIA DESCRITIVA APLICADA À ARQUITETURA,ARQU,QUARTA-FEIRA,13:30,15:30,2,35,35,A
2026/2,Faculdade de Arquitetura - 12103,Sala 504,Atelier,39,ARQ03140,B,ERGONOMIA APLICADA AO DESIGN II,DVIS,SEGUNDA-FEIRA,14:30,16:30,2,20,20,B
2026/2,Faculdade de Arquitetura - 12103,Sala 504,Atelier,39,ARQ03140,B,ERGONOMIA APLICADA AO DESIGN II,DPRO,SEGUNDA-FEIRA,14:30,16:30,2,20,20,B
2026/2,Faculdade de Arquitetura - 12103,Sala 504,Atelier,39,ARQ03140,B,ERGONOMIA APLICADA AO DESIGN II,ARQU,SEGUNDA-FEIRA,14:30,16:30,2,20,20,B
2026/2,Faculdade de Arquitetura - 12103,Sala 504,Atelier,39,ARQ03139,B,ERGONOMIA APLICADA AO DESIGN I,DVIS,SEGUNDA-FEIRA,16:30,18:30,2,22,22,B
2026/2,Faculdade de Arquitetura - 12103,Sala 504,Atelier,39,ARQ03139,B,ERGONOMIA APLICADA AO DESIGN I,DPRO,SEGUNDA-FEIRA,16:30,18:30,2,22,22,B
2026/2,Faculdade de Arquitetura - 12103,Sala 504,Atelier,39,ARQ03139,B,ERGONOMIA APLICADA AO DESIGN I,ARQU,SEGUNDA-FEIRA,16:30,18:30,2,22,22,B
2026/2,Faculdade de Arquitetura - 12103,Sala 504,Atelier,39,ARQ02006,A,URBANISMO IV,ARQU,SEGUNDA-FEIRA,18:30,22:30,4,17,34,A/B
2026/2,Faculdade de Arquitetura - 12103,Sala 504,Atelier,39,ARQ02006,B,URBANISMO IV,ARQU,SEGUNDA-FEIRA,18:30,22:30,4,17,34,A/B
2026/2,Faculdade de Arquitetura - 12103,Sala 504,Atelier,39,ARQ01009,A,PROJETO ARQUITETÔNICO III,ARQU,TERÇA-FEIRA,18:30,22:30,4,15,30,A/C
2026/2,Faculdade de Arquitetura - 12103,Sala 504,Atelier,39,ARQ01009,C,PROJETO ARQUITETÔNICO III,ARQU,TERÇA-FEIRA,18:30,22:30,4,15,30,A/C
2026/2,Faculdade de Arquitetura - 12103,Sala 504,Atelier,39,ARQ02006,A,URBANISMO IV,ARQU,QUINTA-FEIRA,18:30,21:30,3,17,34,A/B
2026/2,Faculdade de Arquitetura - 12103,Sala 504,Atelier,39,ARQ02006,B,URBANISMO IV,ARQU,QUINTA-FEIRA,18:30,21:30,3,17,34,A/B
