solucao,curso,ch_total_horas,ch_turno_alvo_horas,percentual_turno_alvo,turmas_total,turmas_integralmente_no_alvo,turmas_com_algum_horario_no_alvo,encontros_alterados,salas_alteradas,dias_alterados,horarios_alterados,violacoes_baseline,violacoes_duras_novas,excecoes_turno,H002_novas,H003_novas,H004_novas,H005_novas,H006_novas,H007_novas,H008_novas,H009_novas,H010_novas
ANTES,ARQU,777.0,627.0,80.69,161,116,131,0,0,0,0,64,0,61,0,0,0,0,0,0,0,0,0
ANTES,DPRO,219.0,157.0,71.69,58,42,43,0,0,0,0,64,0,61,0,0,0,0,0,0,0,0,0
ANTES,DVIS,210.0,163.0,77.62,55,43,44,0,0,0,0,64,0,61,0,0,0,0,0,0,0,0,0
A,ARQU,777.0,776.0,99.87,161,160,161,63,30,2,63,3,0,1,0,0,0,0,0,0,0,0,0
A,DPRO,219.0,219.0,100.0,58,58,58,63,30,2,63,3,0,1,0,0,0,0,0,0,0,0,0
A,DVIS,210.0,210.0,100.0,55,55,55,63,30,2,63,3,0,1,0,0,0,0,0,0,0,0,0
B,ARQU,777.0,543.0,69.88,161,73,124,178,158,166,158,3,0,93,0,0,0,0,0,0,0,0,0
B,DPRO,219.0,150.0,68.49,58,32,47,178,158,166,158,3,0,93,0,0,0,0,0,0,0,0,0
B,DVIS,210.0,148.0,70.48,55,31,46,178,158,166,158,3,0,93,0,0,0,0,0,0,0,0,0
C,ARQU,777.0,772.0,99.36,161,158,160,68,58,55,68,3,0,1,0,0,0,0,0,0,0,0,0
C,DPRO,219.0,217.0,99.09,58,57,58,68,58,55,68,3,0,1,0,0,0,0,0,0,0,0,0
C,DVIS,210.0,208.0,99.05,55,54,55,68,58,55,68,3,0,1,0,0,0,0,0,0,0,0,0
