solucao,encontro_id,regra,severidade,detalhe
A,EV-1b9bb21c43eaa816,H010,excecao,"Encontro EV-1b9bb21c43eaa816: relaxamento de turno registrado (60 min fora do alvo): Posição fora do turno-alvo já existente na fonte, mantida pela prioridade de preservação da Solução A."
B,EV-0449477aec1ca0a2,H010,excecao,Encontro EV-0449477aec1ca0a2: relaxamento de turno registrado (180 min fora do alvo): Exceção de turno registrada pela otimização global de equilíbrio da Solução B.
B,EV-07d07ac7ee470f92,H010,excecao,Encontro EV-07d07ac7ee470f92: relaxamento de turno registrado (120 min fora do alvo): Exceção de turno registrada pela otimização global de equilíbrio da Solução B.
B,EV-0ae557b20d28883b,H010,excecao,Encontro EV-0ae557b20d28883b: relaxamento de turno registrado (180 min fora do alvo): Exceção de turno registrada pela otimização global de equilíbrio da Solução B.
B,EV-0df7f99f74153c58,H010,excecao,Encontro EV-0df7f99f74153c58: relaxamento de turno registrado (120 min fora do alvo): Exceção de turno registrada pela otimização global de equilíbrio da Solução B.
B,EV-1030cdb9a6e88d96,H010,excecao,Encontro EV-1030cdb9a6e88d96: relaxamento de turno registrado (180 min fora do alvo): Exceção de turno registrada pela otimização global de equilíbrio da Solução B.
B,EV-1043e9daf09f5d56,H010,excecao,Encontro EV-1043e9daf09f5d56: relaxamento de turno registrado (120 min fora do alvo): Exceção de turno registrada pela otimização global de equilíbrio da Solução B.
B,EV-108442588b688a9c,H010,excecao,Encontro EV-108442588b688a9c: relaxamento de turno registrado (180 min fora do alvo): Exceção de turno registrada pela otimização global de equilíbrio da Solução B.
B,EV-133389ab84a7d614,H010,excecao,Encontro EV-133389ab84a7d614: relaxamento de turno registrado (240 min fora do alvo): Exceção de turno registrada pela otimização global de equilíbrio da Solução B.
B,EV-19022c475a0008a1,H010,excecao,Encontro EV-19022c475a0008a1: relaxamento de turno registrado (60 min fora do alvo): Exceção de turno registrada pela otimização global de equilíbrio da Solução B.
B,EV-19b3aa72e73d996e,H010,excecao,Encontro EV-19b3aa72e73d996e: relaxamento de turno registrado (120 min fora do alvo): Exceção de turno registrada pela otimização global de equilíbrio da Solução B.
B,EV-1b9bb21c43eaa816,H010,excecao,Encontro EV-1b9bb21c43eaa816: relaxamento de turno registrado (60 min fora do alvo): Exceção de turno registrada pela otimização global de equilíbrio da Solução B.
B,EV-22c6a432b9a9bb18,H010,excecao,Encontro EV-22c6a432b9a9bb18: relaxamento de turno registrado (180 min fora do alvo): Exceção de turno registrada pela otimização global de equilíbrio da Solução B.
B,EV-22c8f9835eb20f3e,H010,excecao,Encontro EV-22c8f9835eb20f3e: relaxamento de turno registrado (240 min fora do alvo): Exceção de turno registrada pela otimização global de equilíbrio da Solução B.
B,EV-23a8b8d5c65791e1,H010,excecao,Encontro EV-23a8b8d5c65791e1: relaxamento de turno registrado (120 min fora do alvo): Exceção de turno registrada pela otimização global de equilíbrio da Solução B.
B,EV-240dc9f311caf6a0,H010,excecao,Encontro EV-240dc9f311caf6a0: relaxamento de turno registrado (120 min fora do alvo): Exceção de turno registrada pela otimização global de equilíbrio da Solução B.
B,EV-25d4940088fd73ea,H010,excecao,Encontro EV-25d4940088fd73ea: relaxamento de turno registrado (180 min fora do alvo): Exceção de turno registrada pela otimização global de equilíbrio da Solução B.
B,EV-283177d05ce877fd,H010,excecao,Encontro EV-283177d05ce877fd: relaxamento de turno registrado (60 min fora do alvo): Exceção de turno registrada pela otimização global de equilíbrio da Solução B.
B,EV-293bd616dcd629ae,H010,excecao,Encontro EV-293bd616dcd629ae: relaxamento de turno registrado (180 min fora do alvo): Exceção de turno registrada pela otimização global de equilíbrio da Solução B.
B,EV-297b8a1a31688ccd,H010,excecao,Encontro EV-297b8a1a31688ccd: relaxamento de turno registrado (240 min fora do alvo): Exceção de turno registrada pela otimização global de equilíbrio da Solução B.
B,EV-2e70c37e302c3e85,H010,excecao,Encontro EV-2e70c37e302c3e85: relaxamento de turno registrado (120 min fora do alvo): Exceção de turno registrada pela otimização global de equilíbrio da Solução B.
B,EV-2efabe6a93b3d620,H010,excecao,Encontro EV-2efabe6a93b3d620: relaxamento de turno registrado (180 min fora do alvo): Exceção de turno registrada pela otimização global de equilíbrio da Solução B.
B,EV-305a4cf3acc72385,H010,excecao,Encontro EV-305a4cf3acc72385: relaxamento de turno registrado (120 min fora do alvo): Exceção de turno registrada pela otimização global de equilíbrio da Solução B.
B,EV-3147d3f1619e79fe,H010,excecao,Encontro EV-3147d3f1619e79fe: relaxamento de turno registrado (120 min fora do alvo): Exceção de turno registrada pela otimização global de equilíbrio da Solução B.
B,EV-3429bff61fdc745b,H010,excecao,Encontro EV-3429bff61fdc745b: relaxamento de turno registrado (120 min fora do alvo): Exceção de turno registrada pela otimização global de equilíbrio da Solução B.
B,EV-361c308d9c193af7,H010,excecao,Encontro EV-361c308d9c193af7: relaxamento de turno registrado (120 min fora do alvo): Exceção de turno registrada pela otimização global de equilíbrio da Solução B.
B,EV-37f3ae256ffa7c90,H010,excecao,Encontro EV-37f3ae256ffa7c90: relaxamento de turno registrado (120 min fora do alvo): Exceção de turno registrada pela otimização global de equilíbrio da Solução B.
B,EV-382d00e98a0a504c,H010,excecao,Encontro EV-382d00e98a0a504c: relaxamento de turno registrado (60 min fora do alvo): Exceção de turno registrada pela otimização global de equilíbrio da Solução B.
B,EV-38d1888947ba5c8c,H010,excecao,Encontro EV-38d1888947ba5c8c: relaxamento de turno registrado (60 min fora do alvo): Exceção de turno registrada pela otimização global de equilíbrio da Solução B.
B,EV-39b506fa42dafc26,H010,excecao,Encontro EV-39b506fa42dafc26: relaxamento de turno registrado (120 min fora do alvo): Exceção de turno registrada pela otimização global de equilíbrio da Solução B.
B,EV-3ab498853e4d0cb0,H010,excecao,Encontro EV-3ab498853e4d0cb0: relaxamento de turno registrado (120 min fora do alvo): Exceção de turno registrada pela otimização global de equilíbrio da Solução B.
B,EV-3aedd68c7df1b8b3,H010,excecao,Encontro EV-3aedd68c7df1b8b3: relaxamento de turno registrado (120 min fora do alvo): Exceção de turno registrada pela otimização global de equilíbrio da Solução B.
B,EV-3bd6dbfef3fc519e,H010,excecao,Encontro EV-3bd6dbfef3fc519e: relaxamento de turno registrado (60 min fora do alvo): Exceção de turno registrada pela otimização global de equilíbrio da Solução B.
B,EV-3ee098190ccd6c04,H010,excecao,Encontro EV-3ee098190ccd6c04: relaxamento de turno registrado (60 min fora do alvo): Exceção de turno registrada pela otimização global de equilíbrio da Solução B.
B,EV-40445b3691aa2601,H010,excecao,Encontro EV-40445b3691aa2601: relaxamento de turno registrado (180 min fora do alvo): Exceção de turno registrada pela otimização global de equilíbrio da Solução B.
B,EV-4173e5746aaff868,H010,excecao,Encontro EV-4173e5746aaff868: relaxamento de turno registrado (120 min fora do alvo): Exceção de turno registrada pela otimização global de equilíbrio da Solução B.
B,EV-417818449d9aeafb,H010,excecao,Encontro EV-417818449d9aeafb: relaxamento de turno registrado (240 min fora do alvo): Exceção de turno registrada pela otimização global de equilíbrio da Solução B.
B,EV-433ab36486d2764f,H010,excecao,Encontro EV-433ab36486d2764f: relaxamento de turno registrado (180 min fora do alvo): Exceção de turno registrada pela otimização global de equilíbrio da Solução B.
B,EV-48954290e8d4e262,H010,excecao,Encontro EV-48954290e8d4e262: relaxamento de turno registrado (180 min fora do alvo): Exceção de turno registrada pela otimização global de equilíbrio da Solução B.
B,EV-498dbd9c6e977728,H010,excecao,Encontro EV-498dbd9c6e977728: relaxamento de turno registrado (180 min fora do alvo): Exceção de turno registrada pela otimização global de equilíbrio da Solução B.
B,EV-4ac7f018128ef7e0,H010,excecao,Encontro EV-4ac7f018128ef7e0: relaxamento de turno registrado (180 min fora do alvo): Exceção de turno registrada pela otimização global de equilíbrio da Solução B.
B,EV-4d2669be6404eaf1,H010,excecao,Encontro EV-4d2669be6404eaf1: relaxamento de turno registrado (120 min fora do alvo): Exceção de turno registrada pela otimização global de equilíbrio da Solução B.
B,EV-4d9844691dea14f3,H010,excecao,Encontro EV-4d9844691dea14f3: relaxamento de turno registrado (180 min fora do alvo): Exceção de turno registrada pela otimização global de equilíbrio da Solução B.
B,EV-4e6d544db3b90e03,H010,excecao,Encontro EV-4e6d544db3b90e03: relaxamento de turno registrado (180 min fora do alvo): Exceção de turno registrada pela otimização global de equilíbrio da Solução B.
B,EV-536d8d1688a3b400,H010,excecao,Encontro EV-536d8d1688a3b400: relaxamento de turno registrado (120 min fora do alvo): Exceção de turno registrada pela otimização global de equilíbrio da Solução B.
B,EV-5692f3158c566783,H010,excecao,Encontro EV-5692f3158c566783: relaxamento de turno registrado (120 min fora do alvo): Exceção de turno registrada pela otimização global de equilíbrio da Solução B.
B,EV-5cf388e4942848f3,H010,excecao,Encontro EV-5cf388e4942848f3: relaxamento de turno registrado (60 min fora do alvo): Exceção de turno registrada pela otimização global de equilíbrio da Solução B.
B,EV-610000f3f4debcf1,H010,excecao,Encontro EV-610000f3f4debcf1: relaxamento de turno registrado (120 min fora do alvo): Exceção de turno registrada pela otimização global de equilíbrio da Solução B.
B,EV-6b279518bd43c339,H010,excecao,Encontro EV-6b279518bd43c339: relaxamento de turno registrado (120 min fora do alvo): Exceção de turno registrada pela otimização global de equilíbrio da Solução B.
B,EV-6cd11af03f827831,H010,excecao,Encontro EV-6cd11af03f827831: relaxamento de turno registrado (120 min fora do alvo): Exceção de turno registrada pela otimização global de equilíbrio da Solução B.
B,EV-6d69ccea22179bc1,H010,excecao,Encontro EV-6d69ccea22179bc1: relaxamento de turno registrado (120 min fora do alvo): Exceção de turno registrada pela otimização global de equilíbrio da Solução B.
B,EV-6e3e601fbf03a899,H010,excecao,Encontro EV-6e3e601fbf03a899: relaxamento de turno registrado (120 min fora do alvo): Exceção de turno registrada pela otimização global de equilíbrio da Solução B.
B,EV-6ead94ba1bbbfc4b,H010,excecao,Encontro EV-6ead94ba1bbbfc4b: relaxamento de turno registrado (120 min fora do alvo): Exceção de turno registrada pela otimização global de equilíbrio da Solução B.
B,EV-6fdd9b047de74760,H010,excecao,Encontro EV-6fdd9b047de74760: relaxamento de turno registrado (120 min fora do alvo): Exceção de turno registrada pela otimização global de equilíbrio da Solução B.
B,EV-6ff2f43fab70c473,H010,excecao,Encontro EV-6ff2f43fab70c473: relaxamento de turno registrado (120 min fora do alvo): Exceção de turno registrada pela otimização global de equilíbrio da Solução B.
B,EV-7297f6c5d68ebd65,H010,excecao,Encontro EV-7297f6c5d68ebd65: relaxamento de turno registrado (60 min fora do alvo): Exceção de turno registrada pela otimização global de equilíbrio da Solução B.
B,EV-79fbdfa2de31d1a6,H010,excecao,Encontro EV-79fbdfa2de31d1a6: relaxamento de turno registrado (120 min fora do alvo): Exceção de turno registrada pela otimização global de equilíbrio da Solução B.
B,EV-8371321b16bca952,H010,excecao,Encontro EV-8371321b16bca952: relaxamento de turno registrado (120 min fora do alvo): Exceção de turno registrada pela otimização global de equilíbrio da Solução B.
B,EV-8a82d85d493676e8,H010,excecao,Encontro EV-8a82d85d493676e8: relaxamento de turno registrado (180 min fora do alvo): Exceção de turno registrada pela otimização global de equilíbrio da Solução B.
B,EV-8a8cbdff16827ad2,H010,excecao,Encontro EV-8a8cbdff16827ad2: relaxamento de turno registrado (120 min fora do alvo): Exceção de turno registrada pela otimização global de equilíbrio da Solução B.
B,EV-95ed337a73f6dec7,H010,excecao,Encontro EV-95ed337a73f6dec7: relaxamento de turno registrado (120 min fora do alvo): Exceção de turno registrada pela otimização global de equilíbrio da Solução B.
B,EV-99631bd878901695,H010,excecao,Encontro EV-99631bd878901695: relaxamento de turno registrado (180 min fora do alvo): Exceção de turno registrada pela otimização global de equilíbrio da Solução B.
B,EV-99e5386dc4ccbe1b,H010,excecao,Encontro EV-99e5386dc4ccbe1b: relaxamento de turno registrado (120 min fora do alvo): Exceção de turno registrada pela otimização global de equilíbrio da Solução B.
B,EV-9a0db8f85665d3ed,H010,excecao,Encontro EV-9a0db8f85665d3ed: relaxamento de turno registrado (180 min fora do alvo): Exceção de turno registrada pela otimização global de equilíbrio da Solução B.
B,EV-9b77b0dadb98f033,H010,excecao,Encontro EV-9b77b0dadb98f033: relaxamento de turno registrado (180 min fora do alvo): Exceção de turno registrada pela otimização global de equilíbrio da Solução B.
B,EV-9f12575043cd081d,H010,excecao,Encontro EV-9f12575043cd081d: relaxamento de turno registrado (120 min fora do alvo): Exceção de turno registrada pela otimização global de equilíbrio da Solução B.
B,EV-a000c4344e9cb263,H010,excecao,Encontro EV-a000c4344e9cb263: relaxamento de turno registrado (120 min fora do alvo): Exceção de turno registrada pela otimização global de equilíbrio da Solução B.
B,EV-a2cf9038d61d1ac3,H010,excecao,Encontro EV-a2cf9038d61d1ac3: relaxamento de turno registrado (120 min fora do alvo): Exceção de turno registrada pela otimização global de equilíbrio da Solução B.
B,EV-a3412bc8256627b1,H010,excecao,Encontro EV-a3412bc8256627b1: relaxamento de turno registrado (180 min fora do alvo): Exceção de turno registrada pela otimização global de equilíbrio da Solução B.
B,EV-a5b5c8f11f553992,H010,excecao,Encontro EV-a5b5c8f11f553992: relaxamento de turno registrado (60 min fora do alvo): Exceção de turno registrada pela otimização global de equilíbrio da Solução B.
B,EV-a6a5fada14ef243c,H010,excecao,Encontro EV-a6a5fada14ef243c: relaxamento de turno registrado (60 min fora do alvo): Exceção de turno registrada pela otimização global de equilíbrio da Solução B.
B,EV-a794dda0ac19cd35,H010,excecao,Encontro EV-a794dda0ac19cd35: relaxamento de turno registrado (180 min fora do alvo): Exceção de turno registrada pela otimização global de equilíbrio da Solução B.
B,EV-abd3d3cab2ad96ba,H010,excecao,Encontro EV-abd3d3cab2ad96ba: relaxamento de turno registrado (240 min fora do alvo): Exceção de turno registrada pela otimização global de equilíbrio da Solução B.
B,EV-af458b1d1445cf38,H010,excecao,Encontro EV-af458b1d1445cf38: relaxamento de turno registrado (120 min fora do alvo): Exceção de turno registrada pela otimização global de equilíbrio da Solução B.
B,EV-b1b416e8704f7959,H010,excecao,Encontro EV-b1b416e8704f7959: relaxamento de turno registrado (240 min fora do alvo): Exceção de turno registrada pela otimização global de equilíbrio da Solução B.
B,EV-b214be5c2ac78dfe,H010,excecao,Encontro EV-b214be5c2ac78dfe: relaxamento de turno registrado (120 min fora do alvo): Exceção de turno registrada pela otimização global de equilíbrio da Solução B.
B,EV-bbbe32e4a943d737,H010,excecao,Encontro EV-bbbe32e4a943d737: relaxamento de turno registrado (120 min fora do alvo): Exceção de turno registrada pela otimização global de equilíbrio da Solução B.
B,EV-c53673df8b7b1771,H010,excecao,Encontro EV-c53673df8b7b1771: relaxamento de turno registrado (60 min fora do alvo): Exceção de turno registrada pela otimização global de equilíbrio da Solução B.
B,EV-c762f88f70b1d4a8,H010,excecao,Encontro EV-c762f88f70b1d4a8: relaxamento de turno registrado (180 min fora do alvo): Exceção de turno registrada pela otimização global de equilíbrio da Solução B.
B,EV-c87941b03ed122b3,H010,excecao,Encontro EV-c87941b03ed122b3: relaxamento de turno registrado (180 min fora do alvo): Exceção de turno registrada pela otimização global de equilíbrio da Solução B.
B,EV-ce3eda40307f0a18,H010,excecao,Encontro EV-ce3eda40307f0a18: relaxamento de turno registrado (180 min fora do alvo): Exceção de turno registrada pela otimização global de equilíbrio da Solução B.
B,EV-d3369f1d525bd5b7,H010,excecao,Encontro EV-d3369f1d525bd5b7: relaxamento de turno registrado (120 min fora do alvo): Exceção de turno registrada pela otimização global de equilíbrio da Solução B.
B,EV-d494b2e95a1f368a,H010,excecao,Encontro EV-d494b2e95a1f368a: relaxamento de turno registrado (180 min fora do alvo): Exceção de turno registrada pela otimização global de equilíbrio da Solução B.
B,EV-d894a77d65ed1ed5,H010,excecao,Encontro EV-d894a77d65ed1ed5: relaxamento de turno registrado (180 min fora do alvo): Exceção de turno registrada pela otimização global de equilíbrio da Solução B.
B,EV-ddb811e252a75f45,H010,excecao,Encontro EV-ddb811e252a75f45: relaxamento de turno registrado (180 min fora do alvo): Exceção de turno registrada pela otimização global de equilíbrio da Solução B.
B,EV-e264d08fce3c0753,H010,excecao,Encontro EV-e264d08fce3c0753: relaxamento de turno registrado (180 min fora do alvo): Exceção de turno registrada pela otimização global de equilíbrio da Solução B.
B,EV-e7d238562b663cc7,H010,excecao,Encontro EV-e7d238562b663cc7: relaxamento de turno registrado (60 min fora do alvo): Exceção de turno registrada pela otimização global de equilíbrio da Solução B.
B,EV-eb29d599791807c5,H010,excecao,Encontro EV-eb29d599791807c5: relaxamento de turno registrado (120 min fora do alvo): Exceção de turno registrada pela otimização global de equilíbrio da Solução B.
B,EV-eb3caf07ac77261a,H010,excecao,Encontro EV-eb3caf07ac77261a: relaxamento de turno registrado (180 min fora do alvo): Exceção de turno registrada pela otimização global de equilíbrio da Solução B.
B,EV-f090d31919da0f70,H010,excecao,Encontro EV-f090d31919da0f70: relaxamento de turno registrado (120 min fora do alvo): Exceção de turno registrada pela otimização global de equilíbrio da Solução B.
B,EV-f4dfaa5fffe740ca,H010,excecao,Encontro EV-f4dfaa5fffe740ca: relaxamento de turno registrado (120 min fora do alvo): Exceção de turno registrada pela otimização global de equilíbrio da Solução B.
B,EV-fa8a13ea8f7a004e,H010,excecao,Encontro EV-fa8a13ea8f7a004e: relaxamento de turno registrado (240 min fora do alvo): Exceção de turno registrada pela otimização global de equilíbrio da Solução B.
B,EV-fc4c84fe69d3c0e6,H010,excecao,Encontro EV-fc4c84fe69d3c0e6: relaxamento de turno registrado (120 min fora do alvo): Exceção de turno registrada pela otimização global de equilíbrio da Solução B.
B,EV-ffdec6771729059d,H010,excecao,Encontro EV-ffdec6771729059d: relaxamento de turno registrado (120 min fora do alvo): Exceção de turno registrada pela otimização global de equilíbrio da Solução B.
C,EV-1b9bb21c43eaa816,H010,excecao,Encontro EV-1b9bb21c43eaa816: relaxamento de turno registrado (60 min fora do alvo): Encontro fixado por conflito já existente no baseline.
