solucao,predio,sala,encontros,horas_ocupadas,situacao
ANTES,Faculdade de Arquitetura - 12103,Sala 103,7,22.0,ocupada
ANTES,Faculdade de Arquitetura - 12103,Sala 301A,15,40.0,ocupada
ANTES,Faculdade de Arquitetura - 12103,Sala 301B,12,30.0,ocupada
ANTES,Faculdade de Arquitetura - 12103,Sala 302,16,45.0,ocupada
ANTES,Faculdade de Arquitetura - 12103,Sala 303,12,39.0,ocupada
ANTES,Faculdade de Arquitetura - 12103,Sala 304,9,29.0,ocupada
ANTES,Faculdade de Arquitetura - 12103,Sala 312,21,44.0,ocupada
ANTES,Faculdade de Arquitetura - 12103,Sala 313,17,37.0,ocupada
ANTES,Faculdade de Arquitetura - 12103,Sala 314,12,31.0,ocupada
ANTES,Faculdade de Arquitetura - 12103,Sala 401,13,38.0,ocupada
ANTES,Faculdade de Arquitetura - 12103,Sala 402,16,49.0,ocupada
ANTES,Faculdade de Arquitetura - 12103,Sala 403,10,32.0,ocupada
ANTES,Faculdade de Arquitetura - 12103,Sala 404,14,42.0,ocupada
ANTES,Faculdade de Arquitetura - 12103,Sala 405,6,17.0,ocupada
ANTES,Faculdade de Arquitetura - 12103,Sala 407,4,13.0,ocupada
ANTES,Faculdade de Arquitetura - 12103,Sala 409,10,23.0,ocupada
ANTES,Faculdade de Arquitetura - 12103,Sala 413,20,46.0,ocupada
ANTES,Faculdade de Arquitetura - 12103,Sala 414,7,15.0,ocupada
ANTES,Faculdade de Arquitetura - 12103,Sala 415,17,38.0,ocupada
ANTES,Faculdade de Arquitetura - 12103,Sala 501,12,35.0,ocupada
ANTES,Faculdade de Arquitetura - 12103,Sala 502,13,39.0,ocupada
ANTES,Faculdade de Arquitetura - 12103,Sala 503,10,29.0,ocupada
ANTES,Faculdade de Arquitetura - 12103,Sala 504,16,35.0,ocupada
A,Faculdade de Arquitetura - 12103,Sala 103,12,35.0,ocupada
A,Faculdade de Arquitetura - 12103,Sala 301A,14,38.0,ocupada
A,Faculdade de Arquitetura - 12103,Sala 301B,16,41.0,ocupada
A,Faculdade de Arquitetura - 12103,Sala 302,13,36.0,ocupada
A,Faculdade de Arquitetura - 12103,Sala 303,12,39.0,ocupada
A,Faculdade de Arquitetura - 12103,Sala 304,10,31.0,ocupada
A,Faculdade de Arquitetura - 12103,Sala 312,19,40.0,ocupada
A,Faculdade de Arquitetura - 12103,Sala 313,14,30.0,ocupada
A,Faculdade de Arquitetura - 12103,Sala 314,12,31.0,ocupada
A,Faculdade de Arquitetura - 12103,Sala 401,14,41.0,ocupada
A,Faculdade de Arquitetura - 12103,Sala 402,10,33.0,ocupada
A,Faculdade de Arquitetura - 12103,Sala 403,10,31.0,ocupada
A,Faculdade de Arquitetura - 12103,Sala 404,13,39.0,ocupada
A,Faculdade de Arquitetura - 12103,Sala 405,7,20.0,ocupada
A,Faculdade de Arquitetura - 12103,Sala 407,4,13.0,ocupada
A,Faculdade de Arquitetura - 12103,Sala 409,12,28.0,ocupada
A,Faculdade de Arquitetura - 12103,Sala 413,18,40.0,ocupada
A,Faculdade de Arquitetura - 12103,Sala 414,10,23.0,ocupada
A,Faculdade de Arquitetura - 12103,Sala 415,19,42.0,ocupada
A,Faculdade de Arquitetura - 12103,Sala 501,14,39.0,ocupada
A,Faculdade de Arquitetura - 12103,Sala 502,10,31.0,ocupada
A,Faculdade de Arquitetura - 12103,Sala 503,10,29.0,ocupada
A,Faculdade de Arquitetura - 12103,Sala 504,16,38.0,ocupada
B,Faculdade de Arquitetura - 12103,Sala 103,17,44.0,ocupada
B,Faculdade de Arquitetura - 12103,Sala 301A,12,30.0,ocupada
B,Faculdade de Arquitetura - 12103,Sala 301B,18,48.0,ocupada
B,Faculdade de Arquitetura - 12103,Sala 302,19,53.0,ocupada
B,Faculdade de Arquitetura - 12103,Sala 303,10,31.0,ocupada
B,Faculdade de Arquitetura - 12103,Sala 304,13,36.0,ocupada
B,Faculdade de Arquitetura - 12103,Sala 312,14,32.0,ocupada
B,Faculdade de Arquitetura - 12103,Sala 313,10,29.0,ocupada
B,Faculdade de Arquitetura - 12103,Sala 314,12,32.0,ocupada
B,Faculdade de Arquitetura - 12103,Sala 401,12,34.0,ocupada
B,Faculdade de Arquitetura - 12103,Sala 402,10,32.0,ocupada
B,Faculdade de Arquitetura - 12103,Sala 403,14,40.0,ocupada
B,Faculdade de Arquitetura - 12103,Sala 404,9,26.0,ocupada
B,Faculdade de Arquitetura - 12103,Sala 405,9,24.0,ocupada
B,Faculdade de Arquitetura - 12103,Sala 407,3,10.0,ocupada
B,Faculdade de Arquitetura - 12103,Sala 409,10,27.0,ocupada
B,Faculdade de Arquitetura - 12103,Sala 413,20,42.0,ocupada
B,Faculdade de Arquitetura - 12103,Sala 414,13,34.0,ocupada
B,Faculdade de Arquitetura - 12103,Sala 415,15,37.0,ocupada
B,Faculdade de Arquitetura - 12103,Sala 501,10,24.0,ocupada
B,Faculdade de Arquitetura - 12103,Sala 502,15,42.0,ocupada
B,Faculdade de Arquitetura - 12103,Sala 503,10,26.0,ocupada
B,Faculdade de Arquitetura - 12103,Sala 504,14,35.0,ocupada
C,Faculdade de Arquitetura - 12103,Sala 103,21,58.0,ocupada
C,Faculdade de Arquitetura - 12103,Sala 301A,20,55.0,ocupada
C,Faculdade de Arquitetura - 12103,Sala 301B,21,52.0,ocupada
C,Faculdade de Arquitetura - 12103,Sala 302,17,47.0,ocupada
C,Faculdade de Arquitetura - 12103,Sala 303,13,40.0,ocupada
C,Faculdade de Arquitetura - 12103,Sala 304,11,38.0,ocupada
C,Faculdade de Arquitetura - 12103,Sala 312,15,32.0,ocupada
C,Faculdade de Arquitetura - 12103,Sala 313,12,25.0,ocupada
C,Faculdade de Arquitetura - 12103,Sala 314,10,25.0,ocupada
C,Faculdade de Arquitetura - 12103,Sala 401,10,30.0,ocupada
C,Faculdade de Arquitetura - 12103,Sala 402,10,33.0,ocupada
C,Faculdade de Arquitetura - 12103,Sala 403,8,25.0,ocupada
C,Faculdade de Arquitetura - 12103,Sala 404,14,41.0,ocupada
C,Faculdade de Arquitetura - 12103,Sala 405,6,17.0,ocupada
C,Faculdade de Arquitetura - 12103,Sala 407,4,13.0,ocupada
C,Faculdade de Arquitetura - 12103,Sala 409,9,21.0,ocupada
C,Faculdade de Arquitetura - 12103,Sala 413,16,36.0,ocupada
C,Faculdade de Arquitetura - 12103,Sala 414,7,12.0,ocupada
C,Faculdade de Arquitetura - 12103,Sala 415,15,34.0,ocupada
C,Faculdade de Arquitetura - 12103,Sala 501,12,35.0,ocupada
C,Faculdade de Arquitetura - 12103,Sala 502,11,33.0,ocupada
C,Faculdade de Arquitetura - 12103,Sala 503,9,27.0,ocupada
C,Faculdade de Arquitetura - 12103,Sala 504,18,39.0,ocupada
